id,idx,stratum,probe,floor,floor_over_testmse,loo_floor,test_mse,r2,n_features,epochs,seconds,ratio,cratio
mp-753709,2258,redundant,0.0887879,7.54485e-05,0.0258607,0.000919149,0.0029175,0.9972,2048,60,389.3,0.025860668380462724,0.3150467866323907
mp-1183040,44211,isolated,1.41325,0.0267181,9.15786,0.0174692,0.0029175,0.9972,2048,60,388.8,9.157874892887747,5.987729220222794
mp-22156,13152,isolated,0.698018,0.00153324,0.525532,0.00640752,0.0029175,0.9972,2048,60,389.8,0.5255321336760925,2.196236503856041
mp-1188567,12360,sparse,0.385367,3.61433e-05,0.0123884,0.000240104,0.0029175,0.9972,2048,60,446.7,0.012388449014567265,0.08229785775492716
mp-1179656,30340,redundant,0.154451,0.000792774,0.27173,0.000655237,0.0029175,0.9972,2048,60,419.9,0.2717305912596401,0.2245885175664096
mp-1216459,41027,isolated,1.58778,0.00629738,2.15848,0.00491052,0.0029175,0.9972,2048,60,444.9,2.1584850042844903,1.6831259640102827
mp-12910,12970,redundant,0.156073,0.0136304,4.67194,0.00209076,0.0029175,0.9972,2048,60,377.2,4.671945158526135,0.7166272493573266
mp-1219063,33471,isolated,3.77378,0.000456443,0.15645,1.25224e-05,0.0029175,0.9972,2048,60,450.4,0.15645004284490147,0.00429216795201371
mp-761128,2620,redundant,0.149055,6.74513e-05,0.0231196,0.00311288,0.0029175,0.9972,2048,60,425.3,0.023119554413024847,1.066968294772922
mp-863022,31591,isolated,0.931797,0.00281388,0.964483,0.00147492,0.0029175,0.9972,2048,60,398.7,0.9644832904884318,0.5055424164524421
mp-13686,26759,redundant,0.124334,0.0077988,2.67311,0.0067209,0.0029175,0.9972,2048,60,407.0,2.673110539845758,2.3036503856041133
mp-1520675,2932,redundant,0.157344,0.000863192,0.295867,0.000172547,0.0029175,0.9972,2048,60,382.4,0.29586700942587835,0.059142073693230504
mp-5326,42438,sparse,0.316263,0.00847021,2.90324,0.00220459,0.0029175,0.9972,2048,60,437.1,2.903242502142245,0.7556435304198801
mp-11526,39765,sparse,0.253204,0.00112557,0.385798,0.00080607,0.0029175,0.9972,2048,60,404.3,0.3857994858611825,0.2762879177377892
mp-1105700,37426,redundant,0.0805938,4.73354e-06,0.00162247,0.000589307,0.0029175,0.9972,2048,60,388.0,0.0016224644387317908,0.2019904027420737
mp-10558,17284,isolated,1.32217,0.00305534,1.04725,4.41371e-05,0.0029175,0.9972,2048,60,388.7,1.0472459297343617,0.015128397600685519
mp-54,6516,isolated,1.02184,0.00059397,0.203589,0.000190114,0.0029175,0.9972,2048,60,389.2,0.20358868894601542,0.06516332476435303
mp-30459,32485,sparse,0.422636,0.000649874,0.22275,0.000185043,0.0029175,0.9972,2048,60,387.4,0.22275029991431022,0.06342519280205655
mp-1227264,4282,sparse,0.169347,0.000836642,0.286767,0.00125884,0.0029175,0.9972,2048,60,411.5,0.2867667523564696,0.4314790059982862
mp-1187687,42768,isolated,0.788765,0.000477041,0.16351,0.00131585,0.0029175,0.9972,2048,60,350.8,0.1635101970865467,0.45101970865467006
mp-10970,20531,isolated,2.93338,9.16884e-05,0.031427,0.000235646,0.0029175,0.9972,2048,60,345.7,0.03142704370179948,0.08076983718937447
mp-1911,6372,sparse,0.237701,0.0109865,3.76574,0.00804277,0.0029175,0.9972,2048,60,314.1,3.7657240788346185,2.756733504712939
mp-561017,8119,sparse,0.473938,0.00362533,1.24261,0.00183861,0.0029175,0.9972,2048,60,453.6,1.2426152527849186,0.6302005141388175
mp-867124,17266,redundant,0.126874,6.42957e-05,0.0220379,0.000201889,0.0029175,0.9972,2048,60,327.2,0.022037943444730076,0.0691993144815767
mp-1224995,11788,redundant,0.145437,0.00200548,0.687396,0.000836046,0.0029175,0.9972,2048,60,317.0,0.6873967437874893,0.2865624678663239
mp-1101431,31421,isolated,1.22124,9.36185e-06,0.00320886,3.23375e-05,0.0029175,0.9972,2048,60,390.4,0.0032088603256212513,0.011083976006855184
mp-1179889,25815,isolated,1.06174,0.00578345,1.98233,0.0111267,0.0029175,0.9972,2048,60,365.2,1.982330762639246,3.8137789203084833
mp-777475,19353,redundant,0.0838106,0.000826692,0.283356,0.00144292,0.0029175,0.9972,2048,60,400.0,0.2833562982005141,0.4945741216795202
mp-1227725,2786,isolated,1.4788,6.40285e-06,0.00219464,0.000429048,0.0029175,0.9972,2048,60,387.9,0.002194635818337618,0.14706015424164526
mp-862560,8892,isolated,1.53694,6.51131e-05,0.0223181,0.000452424,0.0029175,0.9972,2048,60,387.4,0.022318114824335905,0.15507249357326477
mp-768657,19678,redundant,0.0804851,0.00138336,0.47416,0.000883354,0.0029175,0.9972,2048,60,388.4,0.474159383033419,0.30277772065124253
mp-1111628,30936,isolated,0.737876,0.000235181,0.0806105,5.62676e-06,0.0029175,0.9972,2048,60,387.7,0.08061045415595544,0.0019286238217652099
mp-17092,32550,redundant,0.0874029,0.00108908,0.373291,0.000902628,0.0029175,0.9972,2048,60,422.6,0.3732922022279349,0.3093840616966581
mp-551243,2210,sparse,0.3749,0.000506928,0.173754,0.00353997,0.0029175,0.9972,2048,60,452.5,0.17375424164524422,1.2133573264781492
mp-622618,2519,isolated,1.89138,0.000180916,0.0620105,2.0485e-05,0.0029175,0.9972,2048,60,426.1,0.06201062553556126,0.007021422450728364
mp-1213256,8283,sparse,0.3986,8.08666e-05,0.0277178,2.32395e-05,0.0029175,0.9972,2048,60,404.5,0.027717772065124248,0.007965552699228792
mp-1106409,36552,isolated,0.537434,0.000161387,0.0553168,0.000166367,0.0029175,0.9972,2048,60,340.3,0.05531688089117395,0.05702382176520994
mp-1205928,15908,redundant,0.0940368,2.75082e-05,0.0094287,0.000156094,0.0029175,0.9972,2048,60,408.8,0.009428688946015423,0.05350265638389031
mp-1185995,24801,redundant,0.130919,0.000390469,0.133837,0.00153488,0.0029175,0.9972,2048,60,386.1,0.1338368466152528,0.5260942587832048
mp-3161,20185,isolated,1.16496,0.000530392,0.181797,0.00180473,0.0029175,0.9972,2048,60,367.6,0.18179674378748928,0.6185878320479863
mp-1224108,13803,redundant,0.0952997,2.31832e-05,0.00794626,3.5004e-05,0.0029175,0.9972,2048,60,363.1,0.007946255355612681,0.011997943444730076
mp-13920,1255,sparse,0.226621,0.00192547,0.659973,0.00301108,0.0029175,0.9972,2048,60,392.3,0.6599725792630677,1.0320754070265639
mp-105,37189,redundant,0.158416,0.00222985,0.764301,0.00219938,0.0029175,0.9972,2048,60,386.9,0.7643016281062553,0.7538577549271637
mp-19142,24141,isolated,0.614452,0.000434533,0.14894,0.00289566,0.0029175,0.9972,2048,60,382.4,0.1489401885175664,0.9925141388174807
mp-14928,32093,isolated,0.612595,0.00555186,1.90295,0.000253815,0.0029175,0.9972,2048,60,374.7,1.9029511568123392,0.0869974293059126
mp-1395180,3616,sparse,0.459126,0.0001965,0.0673521,7.98079e-05,0.0029175,0.9972,2048,60,286.3,0.0673521850899743,0.027354892887746358
mp-30478,3869,redundant,0.0940572,0.000975823,0.334472,0.000442797,0.0029175,0.9972,2048,60,409.3,0.33447232219365897,0.1517727506426735
mp-1212572,12862,isolated,2.94029,0.000850459,0.291502,0.00206866,0.0029175,0.9972,2048,60,450.1,0.29150265638389034,0.7090522707797772
mp-4647,15780,redundant,0.12589,0.000802459,0.27505,0.001334,0.0029175,0.9972,2048,60,448.2,0.2750502142245073,0.45724078834618676
mp-5339,8470,sparse,0.173086,0.000381603,0.130798,0.00183781,0.0029175,0.9972,2048,60,453.7,0.13079794344473009,0.6299263067694945
mp-973191,21562,redundant,0.142295,0.00156317,0.535791,0.00322675,0.00291749,0.9972,2048,60,391.4,0.5357909168808912,1.1059982862039417
mp-1187979,42627,redundant,0.118513,1.54828e-06,0.000530691,9.2294e-07,0.00291749,0.9972,2048,60,393.3,0.0005306872322193659,0.0003163461868037704
mp-1217886,35285,redundant,0.107041,0.000875535,0.300099,0.000149344,0.00291749,0.9972,2048,60,392.7,0.30009768637532136,0.05118903170522708
mp-865067,18617,redundant,0.120714,0.00375968,1.28867,0.00393342,0.00291749,0.9972,2048,60,382.0,1.2886649528706084,1.3482159383033419
mp-20580,28285,isolated,1.13115,6.17917e-05,0.0211797,2.19766e-05,0.00291749,0.9972,2048,60,444.3,0.02117967437874893,0.007532682090831191
mp-1225557,17445,isolated,2.02823,9.22837e-05,0.0316312,2.29651e-05,0.00291749,0.9972,2048,60,453.2,0.031631088260497,0.007871499571550986
mp-1207463,43154,sparse,0.41951,0.000334188,0.114547,0.000239319,0.00291749,0.9972,2048,60,430.0,0.11454601542416454,0.08202879177377892
mp-1101341,35033,redundant,0.115022,2.62991e-05,0.00901431,6.17721e-06,0.00291749,0.9972,2048,60,459.6,0.009014258783204799,0.0021172956298200515
mp-1217314,37391,redundant,0.0821259,0.000726921,0.24916,2.7164e-05,0.00291749,0.9972,2048,60,353.4,0.24915886889460154,0.009310711225364181
mp-1102664,13284,sparse,0.260618,0.00896219,3.07188,0.00931229,0.00291749,0.9972,2048,60,458.9,3.071873179091688,3.1918731790916883
mp-757021,16288,isolated,0.818249,7.97855e-05,0.0273473,0.000582036,0.00291749,0.9972,2048,60,416.6,0.027347215081405314,0.1994982005141388
mp-770662,5157,isolated,1.19452,0.00979638,3.35781,0.00523863,0.00291749,0.9972,2048,60,418.3,3.357799485861183,1.7955886889460155
mp-1189874,33218,redundant,0.158506,0.0025168,0.862661,0.00144921,0.00291749,0.9972,2048,60,404.7,0.8626563838903171,0.4967300771208226
mp-510421,7122,isolated,0.550144,0.000732314,0.251009,0.000520291,0.00291749,0.9972,2048,60,403.4,0.25100736932305057,0.1783345329905741
mp-754378,21632,sparse,0.431614,9.37729e-06,0.00321417,0.000213272,0.00291749,0.9972,2048,60,392.7,0.003214152527849186,0.07310094258783205
mp-556525,2633,redundant,0.0803858,0.00136628,0.468307,0.000170056,0.00291749,0.9972,2048,60,393.1,0.46830505569837194,0.05828826049700086
mp-571195,43476,redundant,0.081481,4.43401e-05,0.015198,0.000199303,0.00291749,0.9972,2048,60,393.4,0.015197977720651243,0.06831293916023994
mp-982261,28733,sparse,0.295238,0.0169749,5.81834,0.0121704,0.00291749,0.9972,2048,60,392.0,5.818303341902314,4.171516709511568
mp-972244,39374,sparse,0.316304,0.00317099,1.08689,0.000118558,0.00291749,0.9972,2048,60,447.0,1.086886032562125,0.040636846615252784
mp-604496,6345,sparse,0.298908,1.10238e-05,0.00377851,2.43961e-06,0.00291749,0.9972,2048,60,448.5,0.0037785089974293057,0.0008361988003427593
mp-569858,40217,isolated,0.690631,0.00171425,0.587579,0.00156207,0.00291749,0.9972,2048,60,463.3,0.5875749785775493,0.535413881748072
mp-25303,11961,redundant,0.114679,0.00293125,1.00472,0.000668715,0.00291749,0.9972,2048,60,458.4,1.0047129391602398,0.22920822622107967
mp-978528,33552,sparse,0.287096,0.000384,0.13162,0.00033869,0.00291749,0.9972,2048,60,449.0,0.13161953727506429,0.11608911739502999
mp-1185337,20769,redundant,0.0928473,0.000350761,0.120227,0.000229168,0.00291749,0.9972,2048,60,420.1,0.12022656383890318,0.07854944301628106
mp-1215905,41965,sparse,0.372983,0.00302806,1.0379,0.00255331,0.00291749,0.9972,2048,60,371.4,1.0378954584404456,0.8751705227077978
mp-30674,38251,redundant,0.131653,2.26968e-05,0.00777956,3.41974e-07,0.00291749,0.9972,2048,60,414.5,0.007779537275064267,0.00011721473864610112
mp-1216604,39515,sparse,0.233376,0.000118129,0.0404899,9.42653e-05,0.00291749,0.9972,2048,60,392.0,0.0404898029134533,0.0323102999143102
mp-1020031,20292,isolated,2.76805,0.00701181,2.40337,6.03518e-05,0.00291749,0.9972,2048,60,391.6,2.403362467866324,0.020686135389888605
mp-1103909,24838,sparse,0.351698,0.00294028,1.00781,0.0195377,0.00291749,0.9972,2048,60,390.8,1.0078080548414738,6.696726649528706
mp-5663,2303,redundant,0.117731,0.00510197,1.74875,0.00044642,0.00291749,0.9972,2048,60,391.7,1.7487472150814054,0.1530145672664953
mp-1225767,9146,sparse,0.398719,0.000211717,0.0725684,0.000114622,0.00291749,0.9972,2048,60,424.9,0.07256795201371037,0.03928774635818338
mp-1227970,2391,sparse,0.193851,0.00157209,0.53885,0.000321211,0.00291749,0.9972,2048,60,454.8,0.5388483290488432,0.110098029134533
mp-7885,669,redundant,0.150342,0.00517981,1.77543,0.000438246,0.00291749,0.9972,2048,60,427.4,1.7754275921165381,0.15021285347043703
mp-1002572,21134,redundant,0.089148,0.000146717,0.0502889,6.73169e-07,0.00291749,0.9972,2048,60,442.3,0.05028860325621252,0.00023073487574978578
mp-2459,42822,isolated,0.834846,0.00144288,0.494562,0.000355252,0.00291749,0.9972,2048,60,433.7,0.49456041131105394,0.12176589545844045
mp-1223252,17014,sparse,0.384634,0.000162784,0.0557958,0.000910014,0.00291749,0.9972,2048,60,372.4,0.05579571550985433,0.31191568123393315
mp-1102042,38429,isolated,2.61709,0.000853713,0.292619,9.19433e-05,0.00291749,0.9972,2048,60,324.7,0.29261799485861184,0.031514413024850044
mp-1220697,26555,redundant,0.102457,0.0206369,7.07351,0.01441,0.00291749,0.9972,2048,60,328.7,7.073487574978578,4.939160239931448
mp-1219113,33316,isolated,0.61492,7.67323e-05,0.0263008,0.00180604,0.00291749,0.9972,2048,60,371.9,0.02630070265638389,0.6190368466152528
mp-1018665,6310,redundant,0.0898298,0.000601172,0.206058,0.000926785,0.00291749,0.9972,2048,60,450.9,0.20605724078834617,0.3176640959725793
mp-9481,37187,isolated,0.734525,0.000175944,0.0603068,0.000264206,0.00291749,0.9972,2048,60,413.5,0.060306426735218514,0.09055904027420737
mp-1185457,21935,sparse,0.162281,4.89335e-07,0.000167725,2.25598e-05,0.00291749,0.9972,2048,60,427.0,0.0001677240788346187,0.007732579263067695
mp-7140,32689,redundant,0.0840566,1.5238e-05,0.005223,0.000442438,0.00291749,0.9972,2048,60,430.6,0.0052229648671808055,0.15164970008568981
mp-1190048,40308,sparse,0.174848,0.00343974,1.17901,0.00016897,0.00291749,0.9972,2048,60,460.8,1.1790025706940874,0.05791602399314482
mp-1048852,4525,sparse,0.24909,0.000246744,0.0845742,0.00155499,0.00291749,0.9972,2048,60,410.7,0.0845737789203085,0.532987146529563
mp-542642,16714,redundant,0.0944959,0.00361206,1.23807,0.00393679,0.00291749,0.9972,2048,60,355.6,1.2380668380462725,1.3493710368466152
mp-22091,26519,sparse,0.19453,0.00183848,0.63016,0.00245356,0.00291749,0.9972,2048,60,459.2,0.6301559554413025,0.8409802913453299
mp-972088,43731,sparse,0.186919,0.000582834,0.199773,0.00199357,0.00291749,0.9972,2048,60,451.6,0.19977172236503854,0.6833144815766924
mp-1522224,2895,redundant,0.101666,0.00102489,0.351293,0.000985634,0.00291749,0.9972,2048,60,383.4,0.35129048843187666,0.33783513281919453
mp-861,13170,isolated,1.15656,0.004187,1.43514,0.00278991,0.00291749,0.9972,2048,60,324.1,1.4351328191945159,0.95626735218509
mp-559931,40983,sparse,0.301762,0.00234537,0.803901,0.000723167,0.00291749,0.9972,2048,60,393.7,0.8038971722365038,0.24787215081405314
mp-20608,36350,redundant,0.0953019,0.00224755,0.77037,0.00350239,0.00291749,0.9972,2048,60,394.8,0.7703684661525279,1.2004764353041988
mp-754915,25920,isolated,0.870243,0.0301337,10.3286,0.0116542,0.00291749,0.9972,2048,60,393.1,10.32860325621251,3.99458440445587
mp-1111176,15839,isolated,1.22766,7.70663e-06,0.00264153,0.000374607,0.00291749,0.9972,2048,60,439.9,0.0026415184233076266,0.12840000000000001
mp-1186292,27585,sparse,0.302213,0.000658737,0.225789,0.000176433,0.00291749,0.9972,2048,60,406.8,0.22578817480719793,0.06047403598971723
mp-5150,14632,sparse,0.351525,6.3099e-05,0.0216278,0.000100638,0.00291749,0.9972,2048,60,448.8,0.02162776349614396,0.03449460154241645
mp-780702,24395,redundant,0.0799487,7.64959e-05,0.0262197,8.80408e-05,0.00291749,0.9972,2048,60,460.2,0.02621967437874893,0.03017679520137104
mp-3056,26433,sparse,0.328164,0.00588277,2.01638,0.00994817,0.00291749,0.9972,2048,60,412.0,2.016373607540703,3.4098269065981146
mp-1518368,1327,isolated,0.716757,0.00669539,2.29491,0.00281915,0.00291749,0.9972,2048,60,420.3,2.2949065981148244,0.9662896315338474
mp-1185101,18272,sparse,0.487519,2.72327e-05,0.00933429,1.19981e-05,0.00291749,0.9972,2048,60,427.6,0.0093342587832048,0.004112459297343616
mp-1220664,26631,sparse,0.536384,0.00389301,1.33437,0.0037577,0.00291749,0.9972,2048,60,394.3,1.3343650385604113,1.287986289631534
mp-1221934,23776,isolated,2.11977,0.00842706,2.88846,0.00100263,0.00291749,0.9972,2048,60,397.6,2.888452442159383,0.3436606683804627
mp-1183190,158,redundant,0.117705,0.00911297,3.12356,0.00461194,0.00291749,0.9972,2048,60,414.9,3.12355441302485,1.5807849185946874
mp-7667,15613,isolated,1.20505,0.0384851,13.1912,0.0149284,0.00291749,0.9972,2048,60,367.9,13.191122536418167,5.1168466152527845
mp-1084762,24807,isolated,1.63657,0.00293589,1.00631,0.00580653,0.00291749,0.9972,2048,60,391.9,1.0063033419023137,1.990241645244216
mp-1018103,43904,sparse,0.198317,0.00118148,0.404966,0.000161325,0.00291749,0.9972,2048,60,394.2,0.4049631533847472,0.055295629820051415
mp-569989,26565,redundant,0.090062,7.46208e-05,0.0255771,0.00123675,0.00291749,0.9972,2048,60,393.7,0.025576966580976863,0.4239074550128535
mp-2666,7159,redundant,0.0915433,0.000120862,0.0414269,0.000782104,0.00291749,0.9972,2048,60,392.1,0.04142656383890317,0.26807335047129394
mp-1070860,11430,isolated,1.19847,0.000987586,0.338505,0.000472348,0.00291749,0.9972,2048,60,397.3,0.3385041988003427,0.16190162810625536
mp-867177,29732,sparse,0.19037,0.00325358,1.1152,0.0025446,0.00291749,0.9972,2048,60,389.8,1.1151945158526135,0.8721850899742931
mp-1284822,35310,redundant,0.106081,0.0019804,0.678801,0.00278407,0.00291749,0.9972,2048,60,463.8,0.6788003427592118,0.9542656383890318
mp-1185226,17411,redundant,0.0802521,9.05602e-06,0.00310404,1.45359e-05,0.00291749,0.9972,2048,60,444.7,0.0031040342759211656,0.004982313624678663
mp-569875,32323,isolated,0.63788,0.000748962,0.256714,1.52228e-07,0.00291749,0.9972,2048,60,461.9,0.25671362467866327,5.217754927163668e-05
mp-775973,19685,sparse,0.187993,0.005633,1.93077,0.00145184,0.00291749,0.9972,2048,60,455.0,1.9307626392459298,0.49763153384747216
mp-17751,41758,sparse,0.529542,0.0048807,1.67291,0.0100836,0.00291749,0.9972,2048,60,413.0,1.6729048843187662,3.456246786632391
mp-1522474,34635,sparse,0.415072,0.00277895,0.952515,0.00128082,0.00291749,0.9972,2048,60,396.9,0.9525107112253642,0.439012853470437
mp-16764,31654,isolated,0.579891,0.000488228,0.167345,5.21465e-05,0.00291749,0.9972,2048,60,392.4,0.16734464438731791,0.01787369323050557
mp-28846,35953,sparse,0.233922,0.00225945,0.774448,0.000366604,0.00291749,0.9972,2048,60,393.1,0.7744473007712083,0.12565689802913452
mp-753044,19801,sparse,0.24043,0.0159344,5.46167,0.00666276,0.00291749,0.9972,2048,60,392.7,5.461662382176521,2.2837223650385603
mp-989549,7700,isolated,0.604577,0.0439707,15.0714,0.0403645,0.00291749,0.9972,2048,60,392.2,15.071362467866324,13.835304198800342
mp-10878,3611,isolated,0.587041,4.23028e-05,0.0144997,0.000411189,0.00291749,0.9972,2048,60,422.9,0.014499674378748929,0.1409388174807198
mp-4813,26831,redundant,0.0829747,0.000811586,0.27818,3.5814e-06,0.00291749,0.9972,2048,60,459.4,0.2781785775492716,0.0012275578406169667
mp-1220136,28047,isolated,1.03694,0.000409221,0.140265,0.00151571,0.00291749,0.9972,2048,60,417.3,0.14026426735218508,0.5195235646958012
mp-1228892,8240,sparse,0.268918,0.000142109,0.0487092,0.000222691,0.00291749,0.9972,2048,60,316.7,0.04870916880891174,0.07632939160239932
mp-862930,18955,redundant,0.114304,0.00246794,0.845912,0.00117239,0.00291749,0.9972,2048,60,356.8,0.8459091688089118,0.401847472150814
mp-753395,11962,redundant,0.124298,0.000694417,0.238018,6.13164e-05,0.00291749,0.9972,2048,60,336.0,0.23801782347900602,0.02101676092544987
mp-11649,4070,sparse,0.286667,0.00134832,0.462152,0.000237824,0.00291749,0.9972,2048,60,385.3,0.46214910025706946,0.08151636675235648
mp-21217,40401,isolated,0.687085,4.11025e-05,0.0140883,0.00365168,0.00291749,0.9972,2048,60,450.1,0.014088260497000857,1.2516469580119967
mp-2636,12737,sparse,0.354981,3.40262e-05,0.0116628,0.000312048,0.00291749,0.9972,2048,60,455.8,0.01166279348757498,0.1069573264781491
mp-23205,23449,isolated,0.917645,0.0125262,4.29347,1.43334e-06,0.00291749,0.9972,2048,60,328.0,4.293470437017994,0.0004912904884318766
mp-977207,18744,redundant,0.0947118,4.33148e-05,0.0148466,5.87375e-05,0.00291749,0.9972,2048,60,414.2,0.014846546700942589,0.02013281919451585
mp-20906,14352,sparse,0.298786,4.96801e-07,0.000170284,4.22398e-05,0.00291749,0.9972,2048,60,420.6,0.00017028311910882604,0.01447808054841474
mp-1045397,18366,sparse,0.164775,0.0135321,4.63825,0.00360292,0.00291749,0.9972,2048,60,460.0,4.638251928020566,1.2349340188517566
mp-1228200,1824,redundant,0.137219,0.000133929,0.0459056,0.000119898,0.00291749,0.9972,2048,60,438.3,0.04590539845758355,0.041096143958868896
mp-974620,30335,redundant,0.0919075,0.000332946,0.114121,2.43659e-05,0.00291749,0.9972,2048,60,415.7,0.11412030848329048,0.008351636675235648
mp-1223910,14357,sparse,0.378296,5.58573e-05,0.0191457,2.70371e-05,0.00291749,0.9972,2048,60,326.9,0.01914560411311054,0.009267215081405312
mp-542772,8130,sparse,0.364556,0.000214179,0.073412,8.20107e-05,0.00291749,0.9972,2048,60,384.7,0.07341182519280205,0.02810992287917738
mp-1172870,15309,redundant,0.0818363,0.000843112,0.288985,0.000118006,0.00291749,0.9972,2048,60,452.2,0.28898440445586976,0.04044764353041988
mp-1205716,29410,isolated,2.2371,3.35604e-06,0.00115032,8.06689e-05,0.00291749,0.9972,2048,60,422.0,0.0011503136246786632,0.027650008568980294
mp-865022,24706,sparse,0.384389,4.46936e-05,0.0153192,0.00660912,0.00291749,0.9972,2048,60,445.8,0.015319143101970866,2.2653367609254498
mp-753119,7228,redundant,0.10094,0.000630109,0.215978,0.00226057,0.00291747,0.9972,2048,60,393.6,0.21597566409597257,0.7748311910882605
mp-1223234,17074,sparse,0.158521,0.00027084,0.0928338,0.000121263,0.00291747,0.9972,2048,60,393.4,0.09283290488431876,0.04156401028277635
mp-1094569,18748,redundant,0.107526,3.45477e-06,0.00118417,3.79522e-07,0.00291747,0.9972,2048,60,394.0,0.0011841542416452442,0.0001300846615252785
mp-1110979,7643,isolated,1.05172,0.00109099,0.373949,0.000385399,0.00291747,0.9972,2048,60,415.8,0.37394687232219365,0.13209905741216796
mp-30683,44013,sparse,0.191023,9.42674e-07,0.000323114,0.000318014,0.00291747,0.9972,2048,60,460.8,0.0003231101970865467,0.10900222793487574
mp-1183324,2811,redundant,0.0898571,5.30839e-05,0.0181952,2.74256e-05,0.00291747,0.9972,2048,60,456.1,0.018194995715509855,0.00940037703513282
mp-862669,3218,isolated,3.25048,0.000389682,0.133569,5.38693e-05,0.00291747,0.9972,2048,60,384.5,0.13356709511568124,0.018464198800342762
mp-8829,7076,isolated,0.654467,0.000863779,0.296071,0.00214066,0.00291747,0.9972,2048,60,333.1,0.2960682090831191,0.7337309340188517
mp-1039318,4604,redundant,0.10909,0.00072509,0.248534,3.21475e-06,0.00291747,0.9972,2048,60,464.5,0.2485312767780634,0.001101885175664096
mp-1104406,32126,isolated,2.4966,0.00029311,0.100467,7.73805e-06,0.00291747,0.9972,2048,60,383.3,0.1004661525278492,0.002652287917737789
mp-862821,28633,sparse,0.174631,0.000751735,0.257667,0.00210989,0.00291747,0.9972,2048,60,366.2,0.2576640959725793,0.723184233076264
mp-1220315,27081,isolated,3.01887,0.00177703,0.6091,0.000294414,0.00291747,0.9972,2048,60,331.9,0.6090934018851757,0.10091311053984577
mp-1111126,15348,isolated,0.616168,0.000149569,0.0512667,0.000602322,0.00291747,0.9972,2048,60,451.7,0.05126615252784919,0.20645141388174806
mp-853967,20487,redundant,0.0802523,0.00458621,1.57198,8.20512e-05,0.00291747,0.9972,2048,60,428.9,1.5719657240788347,0.02812380462724936
mp-7310,44165,isolated,3.27081,7.45805e-05,0.0255634,0.00121104,0.00291747,0.9972,2048,60,391.8,0.025563153384747215,0.415095115681234
mp-1227795,2815,isolated,0.662043,0.000238906,0.081888,0.000724442,0.00291747,0.9972,2048,60,393.3,0.08188723221936589,0.2483091688089117
mp-8653,6360,isolated,1.6089,0.00376568,1.29074,0.000444035,0.00291747,0.9972,2048,60,393.5,1.2907215081405312,0.15219708654670094
mp-1211662,15934,isolated,1.25419,0.00674729,2.31272,0.00565839,0.00291747,0.9972,2048,60,391.4,2.3126958011996575,1.9394652956298202
mp-1206436,33238,redundant,0.142088,0.000252662,0.0866031,0.000764481,0.00291747,0.9972,2048,60,380.7,0.08660222793487575,0.2620329048843188
mp-1185844,23211,sparse,0.211718,0.000123537,0.0423439,0.00105677,0.00291747,0.9972,2048,60,336.7,0.042343444730077125,0.3622176520994002
mp-1112344,8074,sparse,0.486997,0.000773621,0.265169,0.00287348,0.00291747,0.9972,2048,60,429.5,0.26516572407883465,0.9849117395029992
mp-2114,42201,sparse,0.202269,0.0281474,9.64789,0.00830553,0.00291747,0.9972,2048,60,466.5,9.647780634104542,2.8467969151670953
mp-1247164,22899,redundant,0.12899,0.00124948,0.428277,3.18351e-07,0.00291747,0.9972,2048,60,448.8,0.42827077977720657,0.0001091177377892031
mp-2762888,16346,redundant,0.0812718,5.20808e-05,0.0178514,1.15728e-05,0.00291747,0.9972,2048,60,469.9,0.017851173950299913,0.00396668380462725
mp-567474,18528,redundant,0.0906805,0.00243161,0.833467,0.000536843,0.00291747,0.9972,2048,60,449.4,0.8334567266495286,0.18400788346186803
mp-7352,23344,isolated,1.61693,0.0034882,1.19562,5.81308e-06,0.00291747,0.9972,2048,60,400.7,1.1956126820908313,0.0019924867180805485
mp-1217141,38195,isolated,0.675657,0.000869739,0.298114,3.88006e-05,0.00291747,0.9972,2048,60,378.1,0.2981110539845758,0.013299263067694946
mp-13641,38366,redundant,0.122463,0.00259342,0.888928,0.000601596,0.00291747,0.9972,2048,60,391.6,0.8889185946872322,0.20620257069408743
mp-1188697,43797,sparse,0.209949,1.90831e-07,6.54096e-05,0.000267914,0.00291747,0.9972,2048,60,391.5,6.540908311910883e-05,0.09182999143101972
mp-1106185,40263,sparse,0.317014,0.000211599,0.0725283,8.14816e-08,0.00291747,0.9972,2048,60,392.6,0.07252750642673522,2.7928568980291347e-05
mp-1190092,35842,sparse,0.522396,0.00186993,0.640942,0.00292453,0.00291747,0.9972,2048,60,391.7,0.6409357326478149,1.0024095972579263
mp-1042691,8875,sparse,0.414942,0.00455129,1.56001,0.000419556,0.00291747,0.9972,2048,60,389.0,1.5599965724078837,0.14380668380462727
mp-1209522,30633,sparse,0.339432,0.00561503,1.92462,0.00901507,0.00291747,0.9972,2048,60,414.5,1.9246032562125108,3.089998286203942
mp-754246,38706,isolated,2.26582,2.33898e-05,0.00801716,0.000314176,0.00291747,0.9972,2048,60,452.9,0.008017069408740361,0.10768671808054842
mp-1080464,1894,isolated,1.93816,0.001109,0.380124,0.000372153,0.00291747,0.9972,2048,60,443.6,0.3801199657240788,0.12755886889460155
mp-1771,25121,isolated,0.691689,3.37752e-05,0.0115769,0.00216887,0.00291747,0.9972,2048,60,461.8,0.011576760925449871,0.7434001713796058
mp-1026439,22652,redundant,0.112516,0.00113143,0.387814,0.00136491,0.00291747,0.9972,2048,60,427.2,0.38780805484147385,0.46783547557840616
mp-1103114,22290,redundant,0.0961642,0.000150134,0.0514604,0.000121581,0.00291747,0.9972,2048,60,391.6,0.051459811482433594,0.041673007712082266
mp-29685,31161,redundant,0.151777,6.5344e-05,0.0223975,0.000256015,0.00291747,0.9972,2048,60,417.6,0.02239725792630677,0.08775149957155098
mp-21280,2687,redundant,0.106939,0.00198156,0.679204,0.000732428,0.00291747,0.9972,2048,60,419.1,0.6791979434447301,0.2510464438731791
mp-1223347,16715,isolated,1.31198,0.00250897,0.859981,0.00146291,0.00291747,0.9972,2048,60,459.7,0.8599725792630678,0.5014258783204799
mp-998352,2455,isolated,1.75521,0.000260747,0.0893743,9.73977e-06,0.00291747,0.9972,2048,60,456.7,0.08937343616109682,0.0033383958868894604
mp-29826,43228,isolated,2.39211,0.000306605,0.105093,0.000164766,0.00291747,0.9972,2048,60,461.1,0.1050916880891174,0.05647506426735219
mp-1205934,1860,sparse,0.339801,0.00307573,1.05425,0.000471892,0.00291747,0.9972,2048,60,434.7,1.0542347900599829,0.16174532990574123
mp-30834,35587,sparse,0.281104,0.000189829,0.0650663,5.23346e-05,0.00291747,0.9972,2048,60,414.6,0.0650656383890317,0.017938166238217652
mp-1218720,34476,sparse,0.181217,0.000758196,0.259881,0.000133647,0.00291747,0.9972,2048,60,436.7,0.25987866323907455,0.045808740359897175
mp-2596,28398,isolated,0.92366,2.496e-06,0.000855537,0.001849,0.00291747,0.9972,2048,60,400.0,0.0008555269922879177,0.6337617823479006
mp-1095680,29840,redundant,0.080801,0.00303191,1.03923,0.00436392,0.00291747,0.9972,2048,60,378.3,1.0392150814053127,1.4957737789203087
mp-1063314,3880,isolated,0.771366,0.0137908,4.72697,0.0102309,0.00291747,0.9972,2048,60,428.1,4.726923736075407,3.506735218508997
mp-1225588,9700,sparse,0.467831,0.0118129,4.04902,0.0121072,0.00291747,0.9972,2048,60,452.2,4.048980291345329,4.149854327335047
