id,row_index,nearest_retained_id,nn_distance,nn_label_gap,floor,control_loss,test_mse,distance_stratum
mp-753709,2258,mp-30111,4.179327993539703,0.03351180166666623,7.54485e-05,0.000919149,0.0029175,middle
mp-1183040,44211,mp-1215400,4.128293352381742,0.05652079042410718,0.0267181,0.0174692,0.0029175,middle
mp-22156,13152,mp-1078712,5.5108875780506015,0.09501979499999536,0.00153324,0.00640752,0.0029175,far
mp-1188567,12360,mp-1216727,1.8928548040524167,0.180058980312503,3.61433e-05,0.000240104,0.0029175,near
mp-1179656,30340,mp-1179802,9.47508574117211,0.053649282500000006,0.000792774,0.000655237,0.0029175,far
mp-1216459,41027,mp-1225089,3.3776894975022898,0.0367206228125001,0.00629738,0.00491052,0.0029175,middle
mp-12910,12970,mp-1223929,5.756152733790585,0.2772081497023803,0.0136304,0.00209076,0.0029175,far
mp-1219063,33471,mp-5223,2.0771992004954503,0.0011906507499999108,0.000456443,1.25224e-05,0.0029175,near
mp-761128,2620,mp-505517,2.6677566843013785,0.06913548636363975,6.74513e-05,0.00311288,0.0029175,middle
mp-863022,31591,mp-8435,5.422116615183878,0.017608173351852496,0.00281388,0.00147492,0.0029175,far
mp-13686,26759,mp-567996,2.2893227742521507,0.05228759999999966,0.0077988,0.0067209,0.0029175,near
mp-1520675,2932,mp-1517703,2.547955100631045,0.015455473999999025,0.000863192,0.000172547,0.0029175,middle
mp-5326,42438,mp-1070152,5.890951588301632,0.2324401869999989,0.00847021,0.00220459,0.0029175,far
mp-11526,39765,mp-1216573,2.4915283253446536,0.19909725333333422,0.00112557,0.00080607,0.0029175,near
mp-1105700,37426,mp-624234,0.923970191665157,0.0006745300000003951,4.73354e-06,0.000589307,0.0029175,near
mp-10558,17284,mp-31054,5.146318623832775,0.021452305454542575,0.00305534,4.41371e-05,0.0029175,far
mp-54,6516,mp-1008349,3.9688572273609433,0.03266158749999981,0.00059397,0.000190114,0.0029175,middle
mp-30459,32485,mp-1206681,5.241886900119363,0.26980089166666466,0.000649874,0.000185043,0.0029175,far
mp-1227264,4282,mp-19426,2.166532131784838,0.4150991650000009,0.000836642,0.00125884,0.0029175,near
mp-1187687,42768,mp-410,6.762834496161652,0.06838554250000328,0.000477041,0.00131585,0.0029175,far
mp-10970,20531,mp-10971,2.6169483169246495,0.005421236874999735,9.16884e-05,0.000235646,0.0029175,middle
mp-1911,6372,mp-1094229,5.2059576304441615,0.561404484583333,0.0109865,0.00804277,0.0029175,far
mp-561017,8119,mp-1205877,8.834868568250773,0.8502278371388292,0.00362533,0.00183861,0.0029175,far
mp-867124,17266,mp-862536,4.4635936959914035,0.05202880750000016,6.42957e-05,0.000201889,0.0029175,middle
mp-1224995,11788,mp-2619,2.3913224347604447,0.009232396944443833,0.00200548,0.000836046,0.0029175,near
mp-1101431,31421,mp-753411,3.042759343769854,0.26996207041370246,9.36185e-06,3.23375e-05,0.0029175,middle
mp-1179889,25815,mp-11771,3.0667782589085557,0.09833598201292543,0.00578345,0.0111267,0.0029175,middle
mp-777475,19353,mp-777812,2.2477376594701073,0.03477303379310337,0.000826692,0.00144292,0.0029175,near
mp-1227725,2786,mp-1183335,6.861275818273434,0.0047219050000015805,6.40285e-06,0.000429048,0.0029175,far
mp-862560,8892,mp-1220997,2.811078474984608,0.26946975615097446,6.51131e-05,0.000452424,0.0029175,middle
mp-768657,19678,mp-755320,0.51962255224122,7.168750002506385e-07,0.00138336,0.000883354,0.0029175,near
mp-1111628,30936,mp-567498,2.350982098050096,0.2838600709712642,0.000235181,5.62676e-06,0.0029175,near
mp-17092,32550,mp-4897,5.326081037004307,0.007483597083333127,0.00108908,0.000902628,0.0029175,far
mp-551243,2210,mp-1206552,4.471047077388217,0.11088382400000141,0.000506928,0.00353997,0.0029175,middle
mp-622618,2519,mp-39249,1.3663066633682586,0.3836432685000011,0.000180916,2.0485e-05,0.0029175,near
mp-1213256,8283,mp-1213084,5.848057068990712,0.059598171999997174,8.08666e-05,2.32395e-05,0.0029175,far
mp-1106409,36552,mp-1189958,1.3841836360863327,0.000892851749998147,0.000161387,0.000166367,0.0029175,near
mp-1205928,15908,mp-2756050,1.9498000648077285,0.020659036000000963,2.75082e-05,0.000156094,0.0029175,near
mp-1185995,24801,mp-1185892,4.197216472210563,0.2714778712500028,0.000390469,0.00153488,0.0029175,middle
mp-3161,20185,mp-862318,5.260397045412667,0.2984803688888876,0.000530392,0.00180473,0.0029175,far
mp-1224108,13803,mp-1186444,7.3471717457569525,0.004033735499996284,2.31832e-05,3.5004e-05,0.0029175,far
mp-13920,1255,mp-1080049,5.562386853527091,0.024369648999997662,0.00192547,0.00301108,0.0029175,far
mp-105,37189,mp-10654,0.10383453749510337,0.031945131666663684,0.00222985,0.00219938,0.0029175,near
mp-19142,24141,mp-1221818,1.0378913994856267,0.0001971090909091977,0.000434533,0.00289566,0.0029175,near
mp-14928,32093,mp-1001019,2.5022433318953197,0.14314881480603447,0.00555186,0.000253815,0.0029175,near
mp-1395180,3616,mp-1406738,1.589149849703853,0.01751764461538685,0.0001965,7.98079e-05,0.0029175,near
mp-30478,3869,mp-1182146,4.144496756669581,0.029418611458331356,0.000975823,0.000442797,0.0029175,middle
mp-1212572,12862,mp-1181428,7.636005999551855,0.0838158749999991,0.000850459,0.00206866,0.0029175,far
mp-4647,15780,mp-6599,4.466745858890484,0.34435151430974287,0.000802459,0.001334,0.0029175,middle
mp-5339,8470,mp-8658,6.843021444749047,0.0931670552256918,0.000381603,0.00183781,0.0029175,far
mp-973191,21562,mp-1185253,0.5915042852000607,0.005632505000001231,0.00156317,0.00322675,0.00291749,near
mp-1187979,42627,mp-1187967,0.5765225767463089,0.03859422999999633,1.54828e-06,9.2294e-07,0.00291749,near
mp-1217886,35285,mp-1227917,2.8383739860872406,0.01912265499999899,0.000875535,0.000149344,0.00291749,middle
mp-865067,18617,mp-1222651,5.826675580894536,0.0665079425000017,0.00375968,0.00393342,0.00291749,far
mp-20580,28285,mp-2068,2.104201922717741,0.15813234125000086,6.17917e-05,2.19766e-05,0.00291749,near
mp-1225557,17445,mp-1860,6.896283485987908,0.00574753437500064,9.22837e-05,2.29651e-05,0.00291749,far
mp-1207463,43154,mp-30846,11.310643534646967,0.06892125900000079,0.000334188,0.000239319,0.00291749,far
mp-1101341,35033,mp-754710,4.14789495489407,0.00485481888888839,2.62991e-05,6.17721e-06,0.00291749,middle
mp-1217314,37391,mp-1217293,4.038215944261382,0.11922633734375176,0.000726921,2.7164e-05,0.00291749,middle
mp-1102664,13284,mp-1102542,2.7219423857617384,0.14249728930556316,0.00896219,0.00931229,0.00291749,middle
mp-757021,16288,mp-555331,4.222657703785654,0.7383309247708332,7.97855e-05,0.000582036,0.00291749,middle
mp-770662,5157,mp-8275,3.3484558651793384,0.7095485580000003,0.00979638,0.00523863,0.00291749,middle
mp-1189874,33218,mp-571474,5.523602193268611,0.03626377616071641,0.0025168,0.00144921,0.00291749,far
mp-510421,7122,mp-715566,1.1342439385650112,0.010449168750000126,0.000732314,0.000520291,0.00291749,near
mp-754378,21632,mp-1288374,0.6277289981013899,0.005100156250000154,9.37729e-06,0.000213272,0.00291749,near
mp-556525,2633,mp-8514,2.017822175172374,0.00046746666666752645,0.00136628,0.000170056,0.00291749,near
mp-571195,43476,mp-2176,0.12997365970771843,0.0036891283333327918,4.43401e-05,0.000199303,0.00291749,near
mp-982261,28733,mp-2201,5.202123304003141,0.2679004618229139,0.0169749,0.0121704,0.00291749,far
mp-972244,39374,mp-1071694,4.372213882617561,0.08696790541666266,0.00317099,0.000118558,0.00291749,middle
mp-604496,6345,mp-8653,4.613292321710382,0.020307219687498823,1.10238e-05,2.43961e-06,0.00291749,far
mp-569858,40217,mp-23196,5.3037437206407,0.10858227309523999,0.00171425,0.00156207,0.00291749,far
mp-25303,11961,mp-2218554,1.3554076610390187,0.1862587918635521,0.00293125,0.000668715,0.00291749,near
mp-978528,33552,mp-30779,5.2862102482707884,0.03477217499999874,0.000384,0.00033869,0.00291749,far
mp-1185337,20769,mp-976599,0.4722920517360704,0.0165193950000031,0.000350761,0.000229168,0.00291749,near
mp-1215905,41965,mp-4520,3.1613094538796043,0.14117523433333423,0.00302806,0.00255331,0.00291749,middle
mp-30674,38251,mp-1188153,2.3865873375392335,0.017191530000000732,2.26968e-05,3.41974e-07,0.00291749,near
mp-1216604,39515,mp-1207201,3.5123829381770006,0.10142734722222357,0.000118129,9.42653e-05,0.00291749,middle
mp-1020031,20292,mp-570258,3.4293226735021536,0.1802362024999995,0.00701181,6.03518e-05,0.00291749,middle
mp-1103909,24838,mp-555327,1.6295857184514135,0.27177923607797183,0.00294028,0.0195377,0.00291749,near
mp-5663,2303,mp-4900,1.9080655032184506,0.03781273200000035,0.00510197,0.00044642,0.00291749,near
mp-1225767,9146,mp-1216218,1.9542555913509319,0.00728051858974346,0.000211717,0.000114622,0.00291749,near
mp-1227970,2391,mp-1227978,1.7481867528970216,0.05812567149999959,0.00157209,0.000321211,0.00291749,near
mp-7885,669,mp-5782,2.462517967747108,0.07042415125001433,0.00517981,0.000438246,0.00291749,near
mp-1002572,21134,mp-2861076,0.7049507702863731,0.002568750624998728,0.000146717,6.73169e-07,0.00291749,near
mp-2459,42822,mp-1187890,5.236311902643824,0.02110763000000304,0.00144288,0.000355252,0.00291749,far
mp-1223252,17014,mp-1185014,4.428048248500722,0.5171348987499975,0.000162784,0.000910014,0.00291749,middle
mp-1102042,38429,mp-1078472,5.380644123426919,0.022434643194442827,0.000853713,9.19433e-05,0.00291749,far
mp-1220697,26555,mp-1215211,6.235783343190651,0.4043287719444438,0.0206369,0.01441,0.00291749,far
mp-1219113,33316,mp-7355,6.243021269715977,0.24738967443749682,7.67323e-05,0.00180604,0.00291749,far
mp-1018665,6310,mp-1021484,2.2114323758520733,0.01873350611111091,0.000601172,0.000926785,0.00291749,near
mp-9481,37187,mp-33137,7.64534142224032,1.1573539414583345,0.000175944,0.000264206,0.00291749,far
mp-1185457,21935,mp-973886,4.477283645889561,0.3546782849999994,4.89335e-07,2.25598e-05,0.00291749,middle
mp-7140,32689,mp-8062,3.512418347058605,0.00397730999999979,1.5238e-05,0.000442438,0.00291749,middle
mp-1190048,40308,mp-1080442,4.693453794210355,0.09492988204282365,0.00343974,0.00016897,0.00291749,far
mp-1048852,4525,mp-20772,2.3438786726892378,0.28763802049999976,0.000246744,0.00155499,0.00291749,near
mp-542642,16714,mp-8704,5.555130710292698,0.16951347840624953,0.00361206,0.00393679,0.00291749,far
mp-22091,26519,mp-15141,1.184696578517143,0.053532279999999766,0.00183848,0.00245356,0.00291749,near
mp-972088,43731,mp-1094472,4.071755047764804,0.14204234874999955,0.000582834,0.00199357,0.00291749,middle
mp-1522224,2895,mp-1520775,1.402887794576057,0.021747468499999645,0.00102489,0.000985634,0.00291749,near
mp-861,13170,mp-1102542,4.13759818854801,0.355412547579372,0.004187,0.00278991,0.00291749,middle
mp-559931,40983,mp-764744,3.0270397238205837,0.17659562291666786,0.00234537,0.000723167,0.00291749,middle
mp-20608,36350,mp-1187299,2.3676847717409593,0.12989590416666513,0.00224755,0.00350239,0.00291749,near
mp-754915,25920,mp-19359,2.013086236106714,0.414791149568966,0.0301337,0.0116542,0.00291749,near
mp-1111176,15839,mp-1110880,2.851438193557066,0.5757044940000002,7.70663e-06,0.000374607,0.00291749,middle
mp-1186292,27585,mp-567891,4.726467197442653,0.04761469636466603,0.000658737,0.000176433,0.00291749,far
mp-5150,14632,mp-15206,3.680786402412579,0.04258157150000097,6.3099e-05,0.000100638,0.00291749,middle
mp-780702,24395,mp-764583,0.21011648344981723,0.013958653333332904,7.64959e-05,8.80408e-05,0.00291749,near
mp-3056,26433,mp-36234,2.1620499604978813,0.014134093750001853,0.00588277,0.00994817,0.00291749,near
mp-1518368,1327,mp-1521094,2.7387286863063345,0.5497624864999993,0.00669539,0.00281915,0.00291749,middle
mp-1185101,18272,mp-1185092,5.66546417866909,0.033443596874999315,2.72327e-05,1.19981e-05,0.00291749,far
mp-1220664,26631,mp-1104033,6.032412122210885,0.10937220662179542,0.00389301,0.0037577,0.00291749,far
mp-1221934,23776,mp-1029442,4.561624366705269,0.008924875194445292,0.00842706,0.00100263,0.00291749,far
mp-1183190,158,mp-1183182,4.0517573560731535,0.18037671838542435,0.00911297,0.00461194,0.00291749,middle
mp-7667,15613,mp-28766,3.4292435667384873,0.660713384868054,0.0384851,0.0149284,0.00291749,middle
mp-1084762,24807,mp-1205540,1.7622274864450174,0.22745535870689593,0.00293589,0.00580653,0.00291749,near
mp-1018103,43904,mp-1215274,3.686162520235843,0.11839784750000126,0.00118148,0.000161325,0.00291749,middle
mp-569989,26565,mp-32679,6.076031548825404,0.0044004011764696704,7.46208e-05,0.00123675,0.00291749,far
mp-2666,7159,mp-22498,3.7238158268796466,0.05082739499999889,0.000120862,0.000782104,0.00291749,middle
mp-1070860,11430,mp-1018691,5.130308304596703,0.6706887922916684,0.000987586,0.000472348,0.00291749,far
mp-867177,29732,mp-862758,4.837896879272282,0.023856848749995718,0.00325358,0.0025446,0.00291749,far
mp-1284822,35310,mp-1274449,0.6309106528745816,0.002110462142857372,0.0019804,0.00278407,0.00291749,near
mp-1185226,17411,mp-1185118,4.121305733227184,0.00033256000000037034,9.05602e-06,1.45359e-05,0.00291749,middle
mp-569875,32323,mp-635,5.058804710370555,0.14654494308333577,0.000748962,1.52228e-07,0.00291749,far
mp-775973,19685,mp-752957,0.9755430880448104,0.1080735656666656,0.005633,0.00145184,0.00291749,near
mp-17751,41758,mp-1216166,3.123144883157749,0.07293878218749938,0.0048807,0.0100836,0.00291749,middle
mp-1522474,34635,mp-1520386,1.985844209824862,0.23466215850000038,0.00277895,0.00128082,0.00291749,near
mp-16764,31654,mp-605350,12.787500115319236,1.1314907405416652,0.000488228,5.21465e-05,0.00291749,far
mp-28846,35953,mp-601823,5.188625097318191,0.10455026711573923,0.00225945,0.000366604,0.00291749,far
mp-753044,19801,mp-775176,1.6424386255958212,0.2374434774999996,0.0159344,0.00666276,0.00291749,near
mp-989549,7700,mp-989544,2.5643515567413577,0.07641612276562482,0.0439707,0.0403645,0.00291749,middle
mp-10878,3611,mp-10896,2.049498012045265,0.06935402769230864,4.23028e-05,0.000411189,0.00291749,near
mp-4813,26831,mp-3539,4.0223970824675455,0.09739374812499957,0.000811586,3.5814e-06,0.00291749,middle
mp-1220136,28047,mp-1215819,1.9349123799630845,0.03577279865384662,0.000409221,0.00151571,0.00291749,near
mp-1228892,8240,mp-1229022,1.8690597691258866,0.18442511777777781,0.000142109,0.000222691,0.00291749,near
mp-862930,18955,mp-1185484,4.5283387137700135,0.09958455333333305,0.00246794,0.00117239,0.00291749,far
mp-753395,11962,mp-25303,1.5282380729508234,0.044378919583333065,0.000694417,6.13164e-05,0.00291749,near
mp-11649,4070,mp-793,4.815928695337098,1.0579308553749986,0.00134832,0.000237824,0.00291749,far
mp-21217,40401,mp-21037,4.306239186282598,0.10563830006250008,4.11025e-05,0.00365168,0.00291749,middle
mp-2636,12737,mp-1184399,5.73823902319071,0.07810314374999905,3.40262e-05,0.000312048,0.00291749,far
mp-23205,23449,mp-27638,4.9196596870038105,0.9235031616666689,0.0125262,1.43334e-06,0.00291749,far
mp-977207,18744,mp-979081,11.970817550668114,0.042972606944443825,4.33148e-05,5.87375e-05,0.00291749,far
mp-20906,14352,mp-1223805,4.852480535385261,0.058667871666666316,4.96801e-07,4.22398e-05,0.00291749,far
mp-1045397,18366,mp-2282,2.369639264348979,0.16395709297619088,0.0135321,0.00360292,0.00291749,near
mp-1228200,1824,mp-1228469,0.9691617714543617,0.05729927111111044,0.000133929,0.000119898,0.00291749,near
mp-974620,30335,mp-656615,7.757242855299434,0.013454130000000064,0.000332946,2.43659e-05,0.00291749,far
mp-1223910,14357,mp-1223880,4.127779912434753,0.13015937416666645,5.58573e-05,2.70371e-05,0.00291749,middle
mp-542772,8130,mp-567558,2.7727449375522153,0.003532671249999453,0.000214179,8.20107e-05,0.00291749,middle
mp-1172870,15309,mp-680679,2.957150015475014,0.001916717894737463,0.000843112,0.000118006,0.00291749,middle
mp-1205716,29410,mp-21870,3.2416527645319886,0.10058274933333278,3.35604e-06,8.06689e-05,0.00291749,middle
mp-865022,24706,mp-1186350,4.88276231414318,0.17616930073274872,4.46936e-05,0.00660912,0.00291749,far
mp-753119,7228,mp-545665,1.8418127990221915,0.06519870705680919,0.000630109,0.00226057,0.00291747,near
mp-1223234,17074,mp-1077929,1.4876747150403273,0.07033973285714046,0.00027084,0.000121263,0.00291747,near
mp-1094569,18748,mp-1094592,2.510237214533763,0.0037023547222225046,3.45477e-06,3.79522e-07,0.00291747,near
mp-1110979,7643,mp-13925,2.3080664628142284,0.6876668559999999,0.00109099,0.000385399,0.00291747,near
mp-30683,44013,mp-30685,3.5611113364785147,0.1057095120833349,9.42674e-07,0.000318014,0.00291747,middle
mp-1183324,2811,mp-1183335,8.293769311614517,0.0031702049999999815,5.30839e-05,2.74256e-05,0.00291747,far
mp-862669,3218,mp-1227549,5.176211591222397,0.3215731575000005,0.000389682,5.38693e-05,0.00291747,far
mp-8829,7076,mp-15236,6.168761753153299,0.17541149800000044,0.000863779,0.00214066,0.00291747,far
mp-1039318,4604,mp-1039273,0.444688757362984,0.029169838860544438,0.00072509,3.21475e-06,0.00291747,near
mp-1104406,32126,mp-13572,3.9596582239748157,0.05154912285713964,0.00029311,7.73805e-06,0.00291747,middle
mp-862821,28633,mp-862819,4.823102763332571,0.05460416499999354,0.000751735,0.00210989,0.00291747,far
mp-1220315,27081,mp-1222151,6.152817051102976,0.07044741964285856,0.00177703,0.000294414,0.00291747,far
mp-1111126,15348,mp-1112229,1.68152136480695,0.3277093253333341,0.000149569,0.000602322,0.00291747,near
mp-853967,20487,mp-774736,0.8910376693900998,0.0003320225000003063,0.00458621,8.20512e-05,0.00291747,near
mp-7310,44165,mp-554702,3.23329568463265,0.03609747921696682,7.45805e-05,0.00121104,0.00291747,middle
mp-1227795,2815,mp-2879,3.002691062077233,0.033618044500001165,0.000238906,0.000724442,0.00291747,middle
mp-8653,6360,mp-1025521,3.295374639561346,0.05783525750000018,0.00376568,0.000444035,0.00291747,middle
mp-1211662,15934,mp-13230,2.6019817898102136,0.00945859216666678,0.00674729,0.00565839,0.00291747,middle
mp-1206436,33238,mp-1205782,3.1415150325045453,0.10000679060606055,0.000252662,0.000764481,0.00291747,middle
mp-1185844,23211,mp-1185854,1.514704137840922,0.0187985833333304,0.000123537,0.00105677,0.00291747,near
mp-1112344,8074,mp-1112991,2.214085624286412,0.1809408733333322,0.000773621,0.00287348,0.00291747,near
mp-2114,42201,mp-1215898,7.079828359575977,0.08782954812499799,0.0281474,0.00830553,0.00291747,far
mp-1247164,22899,mp-1247489,1.9516240937630647,0.08387437666666697,0.00124948,3.18351e-07,0.00291747,near
mp-2762888,16346,mp-1180816,1.3641649828356213,0.005593901000000345,5.20808e-05,1.15728e-05,0.00291747,near
mp-567474,18528,mp-23361,3.6661625110236744,0.19218366309523827,0.00243161,0.000536843,0.00291747,middle
mp-7352,23344,mp-14785,5.122124588501771,0.13383153992674462,0.0034882,5.81308e-06,0.00291747,far
mp-1217141,38195,mp-12990,2.7930257990421805,0.27829889750000003,0.000869739,3.88006e-05,0.00291747,middle
mp-13641,38366,mp-20940,3.7187030346202707,0.03956816749999925,0.00259342,0.000601596,0.00291747,middle
mp-1188697,43797,mp-1077297,3.995697657715629,0.08561939562500243,1.90831e-07,0.000267914,0.00291747,middle
mp-1106185,40263,mp-1188372,5.857679018780259,0.10733303199999877,0.000211599,8.14816e-08,0.00291747,far
mp-1190092,35842,mp-1189011,2.92873298735595,0.07944722450000086,0.00186993,0.00292453,0.00291747,middle
mp-1042691,8875,mp-1219514,3.0660324876468925,0.16461155994736787,0.00455129,0.000419556,0.00291747,middle
mp-1209522,30633,mp-5927,7.431368860267521,0.022516395478929363,0.00561503,0.00901507,0.00291747,far
mp-754246,38706,mp-1216649,2.7162247961091204,0.012791824388890483,2.33898e-05,0.000314176,0.00291747,middle
mp-1080464,1894,mp-1079666,4.693600452112848,0.09865479688888712,0.001109,0.000372153,0.00291747,far
mp-1771,25121,mp-504769,2.3750029961970642,0.07585984682539626,3.37752e-05,0.00216887,0.00291747,near
mp-1026439,22652,mp-1026447,0.03717301097182008,0.0039010037500000205,0.00113143,0.00136491,0.00291747,near
mp-1103114,22290,mp-1222569,3.149465847844315,0.052751369444444196,0.000150134,0.000121581,0.00291747,middle
mp-29685,31161,mp-10477,6.030081874072636,0.11869457421295954,6.5344e-05,0.000256015,0.00291747,far
mp-21280,2687,mp-20461,2.285455676716125,0.02696682900000047,0.00198156,0.000732428,0.00291747,near
mp-1223347,16715,mp-1216623,2.8508621131077745,0.2165933687685173,0.00250897,0.00146291,0.00291747,middle
mp-998352,2455,mp-1383356,0.022570019040945643,9.235600000057076e-05,0.000260747,9.73977e-06,0.00291747,near
mp-29826,43228,mp-568228,4.578457620803593,0.5477278718750014,0.000306605,0.000164766,0.00291747,far
mp-1205934,1860,mp-1205825,2.645526413881265,0.2832097602500028,0.00307573,0.000471892,0.00291747,middle
mp-30834,35587,mp-30805,3.616703752128727,0.14400322000000187,0.000189829,5.23346e-05,0.00291747,middle
mp-1218720,34476,mp-1208734,4.877229788517043,0.21244893187602676,0.000758196,0.000133647,0.00291747,far
mp-2596,28398,mp-10109,11.289217486129525,0.28096181703125467,2.496e-06,0.001849,0.00291747,far
mp-1095680,29840,mp-2896,4.606131136995131,0.0319567347777735,0.00303191,0.00436392,0.00291747,far
mp-1063314,3880,mp-862764,6.112194038167525,0.015690968333333416,0.0137908,0.0102309,0.00291747,far
mp-1225588,9700,mp-1225512,4.256623666026429,0.006328322499999928,0.0118129,0.0121072,0.00291747,middle
