id,row_index,request_seed,nearest_retained_id,nn_distance,nn_label_gap,floor_score,score_stratum,adjusted_leverage,original_residual,retrained_residual,floor,floor_over_test_mse,original_loss_over_floor,prediction_distance,test_mse
mp-1225864,8747,1,mp-1226182,2.362370613569351,0.13553999574074216,1.2431984620703984,0,0.0061184124087189755,-0.5326622910792962,-0.5359409526622624,0.28723270474053336,3.3027943457459843,0.9878022650455024,0.0032786615829661914,0.08696657274785835
mp-1225059,11844,1,mp-23204,2.8501081076591324,0.09366948899999983,1.3416168895599685,1,0.022102521087535503,-0.29885132315522145,-0.30560537517610636,0.09339464533652873,1.0739142912680628,0.9562873013737399,0.006754052020884915,0.08696657274785835
mp-553278,27518,1,mp-13971,3.4326574457713908,0.2759121168295442,1.6914193764748984,1,0.0194630444750427,0.38650034895526586,0.39417213633002024,0.15537167305897207,1.7865677368871393,0.9614527333167315,0.00767178737475438,0.08696657274785835
mp-12741,23643,1,mp-1185939,3.584404403646672,0.13156564041667596,1.5907201883082287,1,0.02457739968926661,0.3134344833418379,0.3213320985411821,0.10325431755287998,1.187287417341886,0.9514485948488524,0.007897615199344232,0.08696657274785835
mp-865662,42483,1,mp-977424,4.897645508816117,0.03781498249999515,1.8746997587708045,2,0.0649259901004593,0.06189248819228754,0.06618991099103338,0.004381104317000922,0.05037687675358935,0.8743640455598051,0.004297422798745842,0.08696657274785835
mp-777900,19355,1,mp-777488,2.2755021536197617,1.4382500000298393e-05,1.082686695802198,0,0.010343077830414956,-0.006906176195681013,-0.006978797416209139,4.8703613376487356e-05,0.0005600268222331061,0.9792963260671932,7.262122052812629e-05,0.08696657274785835
mp-1223695,15051,1,mp-1229006,5.210014391326023,0.16982386177083697,2.0965559393974895,2,0.039140435735234805,0.06327199227715768,0.06584972780393629,0.0043361866518525,0.04986038330410443,0.9232409322164206,0.0025777355267786045,0.08696657274785835
mp-1223885,15153,1,mp-1229153,6.039761862329075,0.10518934287834569,2.270583384774426,2,0.09617748848445554,-0.06944981128348338,-0.07684050347599343,0.005904462974444158,0.06789347662995679,0.8168865328121588,0.007390692192510054,0.08696657274785835
mp-1215528,43549,1,mp-1215796,3.0200823161867096,0.012461664166667191,1.3092990944043326,1,0.041383444045846866,-0.17179659768279965,-0.17921311912781204,0.03211734206751935,0.36930674686510834,0.918945002153016,0.007416521445012397,0.08696657274785835
mp-9544,10170,1,mp-9267,3.462018282638144,0.0095241849901474,1.4334765622695964,1,0.10099888039663038,-0.1000449982370169,-0.11128495785186807,0.012384341844092052,0.14240347127393302,0.8081981100206392,0.011239959614851164,0.08696657274785835
mp-1236154,21652,1,mp-2215949,1.2419677255763555,0.11673435944444366,0.9021290487019022,0,0.007819049385687102,0.18469941798130973,0.18615483009058764,0.034653620766055555,0.398470580949839,0.984424549253748,0.0014554121092779093,0.08696657274785835
mp-1219169,33096,1,mp-1080116,3.896303138825742,0.06995609089285693,1.6188227107007014,1,0.056750872822367654,-0.0866256676813667,-0.09183753513207712,0.008434132859135501,0.09698131813919506,0.8897187685530177,0.005211867450710422,0.08696657274785835
mp-977558,23622,1,mp-865149,3.5785261608996706,0.22561012624999854,1.683073903142568,1,0.1088687339977801,-0.30430849183196973,-0.3414858936805618,0.11661261558281197,1.3408900902753316,0.794113550564226,0.037177401848592084,0.08696657274785835
mp-1095567,10759,1,mp-11855,2.9891378905808152,0.06737981777777455,1.3553166395093792,1,0.08960356859259469,-0.5993852140789521,-0.6583787542291082,0.43346258402027243,4.984243604459473,0.8288204059607345,0.05899354015015612,0.08696657274785835
mp-8969,22846,1,mp-978288,3.0594476479495896,0.34955588327380893,1.6577160445000838,1,0.017698455090895397,-0.03805502812685829,-0.03874080336549504,0.001500849845403952,0.01725777845420397,0.9649100942181185,0.0006857752386367488,0.08696657274785835
mp-1225837,8934,1,mp-20334,4.406419005319997,0.08565520399999915,1.7812474951200397,1,0.024956360178266444,-0.12638729446913655,-0.12962180867241563,0.016801813283508323,0.19319852160003725,0.950715731313782,0.003234514203279082,0.08696657274785835
mp-1205619,27253,1,mp-646420,4.331181549575285,0.08267111933333238,1.7566227069837255,1,0.06247156058890631,0.05636455012141417,0.06012017902316984,0.0036144359257779903,0.04156120922756497,0.8789649548720618,0.003755628901755667,0.08696657274785835
mp-1225076,10157,1,mp-861946,4.610472947144513,0.0715656587499991,1.8258504030255605,1,0.0314539000480745,0.02767876220550186,0.028577691493646102,0.0008166844511060128,0.009390785738720795,0.9380781967762356,0.0008989292881442408,0.08696657274785835
mp-551407,6803,1,mp-12630,2.482418741967641,0.5369817937500005,1.6791699490894578,1,0.005860437249781617,-0.6875520414529539,-0.6916046345573157,0.4783169705411582,5.500009433830854,0.9883149434804492,0.00405259310436179,0.08696657274785835
mp-1226375,6925,1,mp-1226496,2.9637592985788435,0.04684663071428574,1.327483756057228,1,0.017953834855175897,-0.08131908519633535,-0.08280571110003257,0.006856785790782057,0.07884392329294031,0.9644159550760326,0.0014866259036972196,0.08696657274785835
mp-2911977,41506,1,mp-1095465,4.5821243134153935,0.12764734000000122,1.8737781087027687,1,0.027400196567507834,0.328993874137523,0.33826234255502224,0.11442141239081122,1.315694165878567,0.9459502986235508,0.009268468417499232,0.08696657274785835
mp-7507,34744,1,mp-30949,8.051037122688331,1.4792502818333324,4.223151545623769,2,0.15440921070403016,-0.4624108606767393,-0.546848705778475,0.2990435070115931,3.438602874217064,0.7150257372533871,0.08443784510173569,0.08696657274785835
mp-865803,38021,1,mp-865591,4.249360573141161,0.4122158616666649,2.062633114309559,2,0.0648152932786349,-0.20624819502798353,-0.22054316029220583,0.04863928555167359,0.5592871377453631,0.8745670802896375,0.014294965264222304,0.08696657274785835
mp-1275690,18881,1,mp-753685,2.9226035952723732,0.04644774666666729,1.315247172787534,1,0.0531032492623825,0.17280618528746539,0.18249693322451152,0.033305130636351814,0.3829647367260657,0.8966179415315708,0.009690747937046135,0.08696657274785835
mp-29049,35132,1,mp-1173247,3.0860566980898043,0.49664063430555583,1.8124544111145697,1,0.006979441773281282,-0.6706906821981238,-0.6754043969584034,0.4561710994307445,5.245361349967402,0.9860905080324511,0.004713714760279597,0.08696657274785835
mp-1207004,13556,1,mp-1007656,2.131280763776491,0.04622625666666502,1.0874158762668227,0,0.06091984283499126,-0.015977725137971466,-0.017014731010741534,0.00028950107136788963,0.003328877547092011,0.881819536550706,0.0010370058727700686,0.08696657274785835
mp-4950,16152,1,mp-9061,4.224271476284109,1.5863183020000005,3.229519126335603,2,0.023165926598696943,0.5179011320875793,0.5301832139230074,0.2810942403257294,3.232210163561397,0.9542051886469944,0.012282081835428116,0.08696657274785835
mp-1002109,40932,1,mp-4955,5.783331199877729,0.29889456249999746,2.390530927827849,2,0.07566030367911716,0.38104889777751305,0.41223968065172867,0.16994155430383923,1.9541020064864432,0.8544011680501463,0.031190782874215617,0.08696657274785835
mp-1227195,5681,1,mp-759835,2.011956138258019,0.03821706240740497,1.0450850956126971,0,0.02637794441021292,-0.1051290088464163,-0.10797728024136331,0.011659093048321908,0.13406407404515117,0.9479389567630738,0.002848271394947019,0.08696657274785835
mp-755887,17201,1,mp-567,4.069243781509501,0.5688356261785725,2.16744551719522,2,0.021172063660730617,0.43498403839931665,0.4443924615966299,0.19748465992391215,2.270811113788262,0.9581053725138873,0.00940842319731322,0.08696657274785835
mp-754556,26661,1,mp-1188869,2.8216198689318106,0.06202387640624951,1.301777146521904,1,0.09002459218997122,0.035863194080197,0.03941096701460981,0.0015532243210266627,0.017860015313353975,0.8280637073618158,0.0035477729344128087,0.08696657274785835
mp-6956,16921,1,mp-5597,4.704759523458898,0.14298390300000108,1.9243884883040958,2,0.04486798910580404,0.17656585736163277,0.18486008285521327,0.034173250233236314,0.39294695827918397,0.912277930049735,0.008294225493580498,0.08696657274785835
mp-1103098,3444,1,mp-977592,2.2723176568086925,0.04226059869047738,1.1240169486535874,0,0.03604325018310427,0.11996498573672343,0.12445064877294164,0.01548796398000608,0.17809100083672652,0.9292117299207849,0.00448566303621821,0.08696657274785835
mp-31761,26903,1,mp-1220416,1.8481865097682646,0.023426185833334223,0.983188825423157,0,0.0063730672417276635,0.17843443752428234,0.179578943695299,0.03224859701871937,0.37081600435396633,0.9872940666573958,0.0011445061710166626,0.08696657274785835
mp-1282499,20361,1,mp-1305214,3.4153870739360763,0.3584710265000004,1.769010773727514,1,0.01500938824384895,-0.24247967231563883,-0.24617434001686098,0.06060180568273708,0.6968402199594494,0.9702085742149464,0.0036946677012221485,0.08696657274785835
mp-4634,18016,1,mp-1205795,2.416749994561456,0.025181912138900475,1.148481631183244,0,0.017569829951754073,-0.0630746778978486,-0.06420250812566189,0.004121962049625681,0.047397085102760805,0.9651750656653021,0.0011278302278132923,0.08696657274785835
mp-764935,18322,1,mp-752807,0.9081945600466097,4.530714285522208e-06,0.6893953608584924,0,0.004083622266952592,-0.2047517947372286,-0.20559106514219577,0.04226768606630259,0.4860222121072775,0.9918522008125504,0.000839270404967174,0.08696657274785835
mp-1218376,34554,1,mp-1206730,1.8621850850085446,0.18559536583333358,1.149384444286272,0,0.008378747816279099,0.11981843190739738,0.12083087162562778,0.01460009953780894,0.16788173980523435,0.9833122430137979,0.0010124397182303957,0.08696657274785835
mp-567408,32885,1,mp-567203,4.952581752521865,0.10052748299999903,1.9532136835481828,2,0.06451706599432114,0.12933533234365835,0.13825501521091607,0.019114449230970634,0.21979076128927189,0.8751300123961315,0.008919682867257722,0.08696657274785835
mp-866131,22023,1,mp-1185453,4.8968881887098386,0.03378854291666311,1.870455489654438,1,0.058942893059805886,-0.0553703916340319,-0.0588386917666899,0.0034619916488155414,0.039808302655008294,0.8855828034001775,0.0034683001326579962,0.08696657274785835
mp-19202,23303,1,mp-1222043,1.70902456903207,0.23021960107142236,1.149954806666784,0,0.011106623878071542,0.4158973794248877,0.4205682060452938,0.17687761593615672,2.033857496592132,0.9779113614631828,0.004670826620406132,0.08696657274785835
mp-11411,32390,1,mp-11412,4.119897299572806,0.06780303999999815,1.6809825061471741,1,0.05603745549167749,-0.011523764506620737,-0.012208021095502787,0.00014903577906824107,0.0017137133769815167,0.8910420654307865,0.0006842565888820502,0.08696657274785835
mp-1205564,10214,1,mp-19841,3.54802782127914,0.06851764350000289,1.5172091205119922,1,0.03462419367967956,-0.09725095287191377,-0.10073899164654095,0.010148344437961846,0.116692472950324,0.9319498261328869,0.0034880387746271807,0.08696657274785835
mp-1222847,18257,1,mp-755165,2.0959358566306503,0.0019376877499999168,1.0329609793273082,0,0.013102388152640792,0.2586509590289512,0.2620846397931524,0.06868835841550644,0.7898248286114963,0.9739688085411196,0.003433680764201197,0.08696657274785835
mp-1021504,1599,1,mp-1277332,2.1288945844124934,0.1990874775000009,1.2395907554431935,0,0.012895508513115009,0.08775022999070359,0.08889656157760806,0.007902598660321461,0.09086938131083326,0.9743760494991596,0.00114633158690447,0.08696657274785835
mp-1103938,31974,1,mp-1104538,2.090609634401291,0.005554096538461922,1.0350453959087222,0,0.04349684793205845,0.14526956203829738,0.15187574674761065,0.023066242450144367,0.265231131011914,0.9148974177485354,0.006606184709313262,0.08696657274785835
mp-977126,19207,1,mp-976408,1.8632463072818695,0.004351406249999634,0.9684457262386212,0,0.03734205144709932,-0.12638283610260242,-0.13128501060346875,0.017235754009152903,0.19818826319768193,0.9267143899161673,0.00490217450086633,0.08696657274785835
mp-1216891,40059,1,mp-1216609,4.304326093126084,0.017382074166666484,1.6836091718830675,1,0.060613805967557735,-0.1686438477878373,-0.17952500895257326,0.03222922883942151,0.3705932960341385,0.8824519984139256,0.010881161164735947,0.08696657274785835
mp-30251,41875,1,mp-997095,6.252971831404599,1.7367592274999977,3.9634792894198267,2,0.051866204950864456,0.16388393141729063,0.17284886478493275,0.029876730057439963,0.3435426867293182,0.898958584997457,0.00896493336764212,0.08696657274785835
mp-542985,12326,1,mp-1069379,3.68132581079924,0.13538202400000043,1.6224142747097687,1,0.03132249983403118,0.04666873380201608,0.0481775872645742,0.0023210799146356617,0.026689334088916605,0.9383436998227236,0.0015088534625581143,0.08696657274785835
mp-1216920,40409,1,mp-685066,1.2805716704637906,0.038028501777781276,0.8345269227576715,0,0.044234475206717944,0.21875175727867568,0.2288760966424804,0.05238426761429803,0.6023494540387996,0.9134866915548435,0.010124339363804719,0.08696657274785835
mp-865443,22420,1,mp-977571,5.528041991315936,0.28139250791666637,2.299599515396049,2,0.05072524436260899,0.2599346092136727,0.2738251824746623,0.0749802305572821,0.8621729957632323,0.9011175421159424,0.013890573260989636,0.08696657274785835
mp-20679,6633,1,mp-19807,4.949497978294171,0.5141945367142917,2.365993744966307,2,0.039063321948877086,0.5270438226975268,0.5484688344442976,0.30081806235668634,3.459007902137828,0.923399309427963,0.021425011746770806,0.08696657274785835
mp-1103792,26595,1,mp-1103656,0.4982955735959106,0.0007969721428571219,0.5722877174092984,0,0.015486682962515276,-0.03870519521655291,-0.039314504227721536,0.0015456302426715344,0.017772693505500908,0.9692435457021745,0.0006093090111686239,0.08696657274785835
mp-1225230,11357,1,mp-1184330,4.70060355640931,0.0902237158333345,1.8704329118242267,1,0.052594185168651095,0.10854639184971926,0.11457203574476486,0.013126751374699678,0.15094019414514573,0.8975807377826841,0.006025643895045604,0.08696657274785835
mp-1224025,14828,1,mp-1101092,7.133220712121668,0.3193541024621208,2.7992619525459075,2,0.1630709082992799,-0.12045809581808975,-0.14392858968681663,0.020715438929236017,0.23820001495627707,0.7004511416671789,0.023470493868726877,0.08696657274785835
mp-22796,11592,1,mp-2030750,0.021939647623009265,0.01666033833333369,0.4511358531144792,0,0.012871287364889235,0.04859870467038396,0.049232475855945,0.0024238366789062073,0.027870900304805872,0.9744196530209341,0.000633771185561037,0.08696657274785835
mp-1207082,21023,1,mp-10180,5.117242130023753,0.0968647522222238,1.9969125543483428,2,0.022707793345908042,0.42379057994175356,0.4336377889162473,0.18804173197617188,2.162229992911876,0.9550989227759614,0.00984720897449376,0.08696657274785835
mp-1215775,43172,1,mp-1215730,2.4286861249845146,0.13072959829613173,1.2574625309772696,0,0.02984147818317779,0.05972959118820542,0.06156682105504702,0.0037904734548241813,0.043585406841475494,0.9412080327246689,0.0018372298668416012,0.08696657274785835
mp-31088,9345,1,mp-20870,4.917774810615121,0.10946300433334244,1.9521376129020616,2,0.05900598905051653,0.08213942099999205,0.08729004058124992,0.007619551184676258,0.08761471153712791,0.8854700649275314,0.00515061958125787,0.08696657274785835
mp-1114101,31619,1,mp-1114112,2.4752742144939894,0.552846062666666,1.692979222938073,1,0.0359964556158158,0.02410551748273493,0.02500553767952762,0.0006252769146422756,0.007189853467666676,0.9293098137852668,0.0009000201967926912,0.08696657274785835
mp-12137,3666,1,mp-1227003,3.0965584069482923,0.1272132993333347,1.4460477041670687,1,0.03102205394658174,-0.35770842547756176,-0.36916063825223494,0.13627957683479747,1.5670340054668133,0.9389177793877944,0.011452212774673176,0.08696657274785835
mp-1018809,25070,1,mp-1221404,7.188859791211966,0.1189122845833358,2.614823716925445,2,0.18897399787519037,0.13952926162173374,0.1720403125138124,0.02959786912985024,0.3403361566939422,0.6577640695448512,0.032511050892078674,0.08696657274785835
mp-1180084,28088,1,mp-625074,1.4471795555265665,0.0026825399999999,0.8471027281457351,0,0.024908906579294895,-0.10254192355077207,-0.1051612696316928,0.011058892630549594,0.1271625669625107,0.9508046091744928,0.002619346080920723,0.08696657274785835
mp-9228,13824,1,mp-1183876,2.6954080325441323,0.004862079265622876,1.2083127804202396,0,0.01194994367300063,-0.6246709227772778,-0.6322253229133135,0.39970885893284347,4.596120627769441,0.9762449669122218,0.007554400136035699,0.08696657274785835
mp-1102869,44218,1,mp-1095472,5.65952854987552,0.1301090558333301,2.186135811413809,2,0.03930647796500783,0.011031859861782234,0.011483201159191245,0.00013186390886245117,0.0015162596926150394,0.9229358742652675,0.00045134129740901155,0.08696657274785835
mp-31171,43088,1,mp-1185422,4.613353808611579,0.008225209166667469,1.763338581525526,1,0.032049927017155075,0.3242153821694636,0.33495068764800845,0.11219196315587372,1.2900584628205505,0.9369264168169437,0.010735305478544843,0.08696657274785835
mp-5692,37017,1,mp-1217718,3.248333977166102,0.7029910569999975,2.0654809799066047,2,0.014247246000307665,-0.23561487336832965,-0.23902007124922545,0.05713059445998481,0.6569259044578334,0.9717099756638656,0.0034051978808957994,0.08696657274785835
mp-13535,36439,1,mp-13536,3.3275532290405962,0.0014868784444392324,1.3867627969955598,1,0.03303680008128554,-0.1892198894176842,-0.19568492672790186,0.03829259054850432,0.4403138969213584,0.9350155222820024,0.006465037310217664,0.08696657274785835
mp-996964,5128,1,mp-996963,2.858441860017196,0.004239331249999978,1.2545837860668576,0,0.017603124108544407,-0.6721794012005482,-0.684223741223955,0.46816212805450574,5.383242241957094,0.965104010604044,0.012044340023406819,0.08696657274785835
mp-985438,5464,1,mp-1183867,5.174080434262086,0.05978945424999793,1.9761857742195827,2,0.07157845935569257,0.2099938764179621,0.22618412133698554,0.0511592567449842,0.5882634571941787,0.8619638153239155,0.016190244919023433,0.08696657274785835
mp-975634,29372,1,mp-1095680,4.7557575329023765,0.04090771322222442,1.836980960417988,1,0.027808451069127455,0.11269942523611354,0.1159228754423068,0.013438113050812576,0.15452043959204434,0.9451595175992609,0.0032234502061932596,0.08696657274785835
mp-753366,18495,1,mp-753919,1.218476012561516,0.04902090624999822,0.8276586259858772,0,0.004525145979096491,-0.09760177941439352,-0.09804504713383656,0.009612831267476233,0.11053478323615966,0.990978316355794,0.000443267719443044,0.08696657274785835
mp-1786455,4351,1,mp-1442904,0.7952585824212922,0.010843252857142716,0.6677500764828805,0,0.008610369271599036,-0.2595422107332568,-0.2617963540211863,0.0685373309787863,0.7880882138186146,0.9828535513464368,0.0022541432879295,0.08696657274785835
mp-570886,3229,1,mp-33218,9.317539486981058,0.6602052883333348,3.768393220751489,2,0.1819413377699029,0.32645326156987264,0.39905947062597824,0.159248461096286,1.8311456467072018,0.6692167149117473,0.0726062090561056,0.08696657274785835
mp-1221921,23942,1,mp-19971,5.2527398285562255,0.06042132708333152,1.999442609715097,2,0.022122938722963163,-0.06204165006769698,-0.06344538661781601,0.004025317083084147,0.046285796437612,0.9562392884024387,0.0014037365501190363,0.08696657274785835
mp-569054,17050,1,mp-1222930,5.739700877110425,0.10903072220423364,2.1881176084468805,2,0.05000866695766383,-0.36116745345651313,-0.38017985104861385,0.1445367191433462,1.6619801675110346,0.902482982935949,0.019012397592100716,0.08696657274785835
mp-1224304,13618,1,mp-1224267,4.906196017228903,0.000960512690973303,1.8403046892065715,1,0.08174462770424502,-0.07031375559211572,-0.07657304239735127,0.005863430821986555,0.06742166141221138,0.8431964792572975,0.006259286805235548,0.08696657274785835
mp-1219661,30357,1,mp-1101755,4.282574758688465,0.28626066583333276,1.9462313826823263,2,0.03415522226981001,0.15163863002275324,0.15700121323887878,0.024649380958479884,0.2834351197206044,0.932854019900526,0.005362583216125538,0.08696657274785835
mp-1761,22344,1,mp-1187861,5.855375050695941,0.029488818611113188,2.1418473042836315,2,0.09354077547196402,0.1560259598027287,0.17212695191991384,0.02962768757724033,0.34067902920746,0.8216672350448163,0.01610099211718513,0.08696657274785835
mp-1207951,39464,1,mp-1105554,5.315900816029381,0.04152659685714366,1.99871500365901,2,0.11120458635311234,-0.4156739586805943,-0.467682814634646,0.21872721510458465,2.515072265049919,0.7899558353658879,0.05200885595405169,0.08696657274785835
mp-2647008,453,1,mp-1104165,3.3894298687551583,0.13091396407161882,1.5339875872169058,1,0.042193928105045055,0.00032025931910947825,0.00033429364584116407,1.1175224164977763e-07,1.285002249930904e-06,0.9177984258955643,1.4034326731685823e-05,0.08696657274785835
mp-23092,1755,1,mp-545544,0.5864701283130364,0.00029731499999918753,0.5971498880065506,0,0.007730911631472868,0.0017167460557780956,0.001730104487575627,2.9932615379293225e-06,3.4418529365388094e-05,0.9846172753980171,1.3358431797531314e-05,0.08696657274785835
mp-1246416,43958,1,mp-1247190,0.8550035999124129,0.001224130000000212,0.6753155353545683,0,0.07369143338614008,0.167389167040074,0.18070598422607217,0.03265465273511345,0.3754851054069807,0.8580441344654358,0.01331681718599817,0.08696657274785835
mp-1110816,30959,1,mp-1110767,2.358587452555335,0.2193513499712647,1.3259216579511748,1,0.03773881761601236,0.01992936487762309,0.0207107426562981,0.0004289348613754057,0.004932180811804714,0.9259671343845924,0.0007813777786750097,0.08696657274785835
mp-1079213,41481,1,mp-1205805,4.616296743727308,0.10638765111111165,1.8623475059239494,1,0.03866047636897135,0.08398906711518733,0.08736687941206427,0.007632971618202179,0.08776902868568141,0.9241700018977581,0.0033778122968769336,0.08696657274785835
mp-1188195,41883,1,mp-1225723,5.5284420309208055,0.06397561895833359,2.0822976906484794,2,0.04262499163675448,-0.22778409257624077,-0.2379257870917483,0.05660868016322795,0.6509245837173916,0.9165660227578568,0.010141694515507532,0.08696657274785835
mp-1183114,87,1,mp-2726,8.83309784919047,0.02413371937499894,2.992980711459543,2,0.14496014181884018,0.15577719819912345,0.18218807120969954,0.03319249329111055,0.38166955696121707,0.7310850458247418,0.026410873010576097,0.08696657274785835
mp-1246770,22627,1,mp-1411261,1.1356184737970123,0.022848373076923556,0.7776536092595097,0,0.014775864821276324,-0.00991880284125135,-0.01006772922447282,0.00010135917173730408,0.0011654957592864342,0.9706339161748228,0.00014892638322146906,0.08696657274785835
mp-1029312,31645,1,mp-1029932,7.168238290014023,0.11093488166666621,2.6009149093898065,2,0.09587924693809888,-0.28137968415195536,-0.31122020238428383,0.09685801437211458,1.1137384320402557,0.8174287607143896,0.029840518232328472,0.08696657274785835
mp-19128,6753,1,mp-22408,0.7033896881717443,0.0004125800000007729,0.6308949654405251,0,0.031837567873584056,0.639012922918921,0.6600268396563729,0.4356354290667794,5.009228434582727,0.9373377104156237,0.0210139167374519,0.08696657274785835
mp-1227030,4820,1,mp-867870,3.5580751590072546,0.04760505125000175,1.499186464588005,1,0.028455936159752192,-0.049497797281798595,-0.05094738769924133,0.0025956363133768064,0.029846367763650048,0.9439041683627267,0.0014495904174427338,0.08696657274785835
mp-984551,149,1,mp-866225,4.953496161762388,0.0314921124999934,1.8844413264505868,2,0.08939640928395712,0.30494811363259533,0.33488556150444587,0.112148339304148,1.2895568465058291,0.8291995457541185,0.029937447871850542,0.08696657274785835
mp-1173930,18883,1,mp-1173950,1.6603859400730567,0.14378517361110998,1.0495303507551679,0,0.007581549154205077,-0.07066877496969992,-0.07120890971827921,0.00507070882326604,0.05830641202761335,0.9848871094320508,0.0005401347485792934,0.08696657274785835
mp-31514,1978,1,mp-7249,1.1850260782149018,0.05160031733333392,0.820616763953194,0,0.008106674539664245,0.14643655615880258,0.14763352566075866,0.021795657899025885,0.2506210973981682,0.9838503191320747,0.00119696950195608,0.08696657274785835
mp-1215577,43611,1,mp-1215573,2.2104669853478933,0.05498252000000181,1.1189486346709538,0,0.02161985829189665,0.1472058806680201,0.15045864721545157,0.022637804521903712,0.26030466427068893,0.9572293674627544,0.0032527665474314793,0.08696657274785835
mp-1106183,20183,1,mp-1210804,3.775677462732342,0.3949246650000009,1.909095474571778,2,0.015979372706124803,0.2954104019580579,0.3002074534854279,0.09012451512820534,1.0363121401771551,0.9682970883214238,0.004797051527369978,0.08696657274785835
mp-1216149,43509,1,mp-1179717,22.224587710806652,2.717295273222234,9.537963917747444,2,0.5793166417768321,-0.07769168149948547,-0.18467842487932187,0.03410612061590733,0.39217505690135673,0.17697695502203384,0.10698674337983641,0.08696657274785835
mp-23189,1075,1,mp-754517,7.488109919260316,1.5378165900694432,4.119801949556591,2,0.1552765751211429,-0.18399210871520666,-0.21781331435536472,0.04744263991046893,0.5455273033239919,0.7135584388506642,0.03382120564015806,0.08696657274785835
mp-1226788,5185,1,mp-1226754,5.5143524147329765,0.019729862321428517,2.0339993088542783,2,0.04066011298276358,-0.02432507188587779,-0.02535583331311652,0.0006429182830025495,0.007392705756803347,0.9203488808713436,0.0010307614272387286,0.08696657274785835
mp-754378,21632,1,mp-1288374,0.6277289981013907,0.005100156250000154,0.6138201024650791,0,0.010166220512427961,-0.13167173924429143,-0.13302437476643966,0.01769548428200219,0.20347455031149264,0.9797667381870035,0.0013526355221482322,0.08696657274785835
mp-1208088,38986,1,mp-2679737,5.977297477993541,0.16413825444444452,2.3115655375574247,2,0.047814260828897864,0.22097409189069667,0.23207010857649488,0.05385653529470612,0.619278575583886,0.9066596842838087,0.01109601668579821,0.08696657274785835
mp-1185190,19161,1,mp-1185186,5.510802946560803,0.0699056250000023,2.0831541307337695,2,0.046230968493041584,-0.5198882504278199,-0.5450883470112889,0.29712130604749937,3.416500117912446,0.9096748951746013,0.025200096583469,0.08696657274785835
mp-2331,1028,1,mp-1221732,4.322547335948525,0.027712701393677264,1.6991808124971717,1,0.06569018336086138,0.06123119562971607,0.06553615035383373,0.0042949870032003,0.049386642102739055,0.8729384548663117,0.0043049547241176545,0.08696657274785835
mp-753655,21510,1,mp-752542,1.545733946246156,0.0380849851821341,0.9108525745535457,0,0.004525127906386603,-0.05215182558015474,-0.05238902420354798,0.0027446098569999366,0.03155936551572944,0.9909652202137906,0.00023719862339324077,0.08696657274785835
mp-1029506,4809,1,mp-1020108,3.9983857216087157,0.18645440497023857,1.7646832471121012,1,0.03248076365623133,0.08389463893495286,0.08671097809139397,0.007518793721566205,0.08645613462732857,0.9360956960207695,0.002816339156441111,0.08696657274785835
mp-1445473,4517,1,mp-1385417,2.396909806981541,0.3062481823333325,1.4238412275946606,1,0.006817907449640455,0.0827121157825017,0.08327989321989016,0.006935540614716306,0.07974949909575575,0.9864110784243179,0.0005677774373884503,0.08696657274785835
mp-1222093,23136,1,mp-1222095,6.162595275283793,0.04058434833333163,2.2413092163399773,2,0.05378051975816248,0.242460822922145,0.2562416321013781,0.06565977402197802,0.7550001333540531,0.8953312972476289,0.013780809179233133,0.08696657274785835
mp-755747,18645,1,mp-777488,2.0618051074522294,0.10061252954761946,1.1218187238446407,0,0.009274996090713132,-0.10890314499873988,-0.10992309022411983,0.01208308576441999,0.13893942675483378,0.9815286609600473,0.001019945225379959,0.08696657274785835
mp-16290,43374,1,mp-1206343,4.346867718128008,0.08399226725757529,1.7624556996914522,1,0.03291612298711655,0.30604418701102953,0.31646103203289105,0.1001475847953225,1.151564119764496,0.9352501570024548,0.01041684502186152,0.08696657274785835
mp-1188095,33917,1,mp-1509,5.520899705997445,0.25831626631249877,2.2744689236395117,2,0.06487262132154575,-0.08407939746630588,-0.08991166891933362,0.008084108207859864,0.0929564998645867,0.8744743262372212,0.00583227145302774,0.08696657274785835
mp-1215477,43531,1,mp-1482,3.245145761581058,0.0001191039999994814,1.3616919939289454,1,0.022354305052964613,-0.04018635746639665,-0.04110522774285647,0.0016896397477920973,0.01942861141246602,0.9557915103070392,0.0009188702764598225,0.08696657274785835
mp-1025189,36402,1,mp-569505,4.607774965093277,0.15321641471428465,1.9067251328874306,2,0.08614852739250471,-0.06013117450375105,-0.06580018273675467,0.004329664048190307,0.04978538203113138,0.8351128648680856,0.0056690082330036196,0.08696657274785835
mp-19830,10773,1,mp-1225410,8.34974546201381,0.28025549208333445,3.1100748472189568,2,0.17346409622702127,0.8320586901803888,1.0066826414856642,1.0134099406685544,11.652867402360762,0.6831605218397347,0.17462395130527542,0.08696657274785835
mp-849511,41085,1,mp-778117,1.5217944767144538,0.11196950044444431,0.9778513311704005,0,0.0060675528648610495,-0.1744210383029472,-0.1754859022348483,0.03079530188317874,0.3541050418585928,0.9879006453025195,0.001064863931901111,0.08696657274785835
mp-1052892,41052,1,mp-2050200,1.7067963106327928,0.08223825062499923,1.001332537693874,0,0.10401584438518,-0.17283086335208653,-0.19289483467451526,0.037208417244108574,0.4278473448871753,0.8027889800057856,0.020063971322428736,0.08696657274785835
mp-1215188,44290,1,mp-1245429,5.149791644891684,0.4032909785416656,2.312701064285241,2,0.040890745001395334,-0.06840125281896126,-0.07131771483726457,0.005086216449609386,0.0584847291194954,0.9198844432904099,0.002916462018303312,0.08696657274785835
mp-978844,35015,1,mp-755287,4.4830847249070525,0.37703448624999947,2.0946782952935075,2,0.021355046187865986,0.2399155931188761,0.24515055720099718,0.06009879569595939,0.6910562736581958,0.957747840951362,0.0052349640821210686,0.08696657274785835
mp-30980,26493,1,mp-5141,5.3919040421970745,1.3656769738123498,3.344726344198796,2,0.023047352166708855,0.176499148005556,0.18066246960601637,0.03263892792414479,0.37530429098056595,0.9544415588369364,0.0041633216004603735,0.08696657274785835
mp-28692,7319,1,mp-2042825,0.8120943836519839,0.008635121111110422,0.6703844607217531,0,0.01629050165274069,-0.44350268095078205,-0.4508473876469145,0.2032633669480472,2.3372585641309267,0.9676836065635233,0.007344706696132464,0.08696657274785835
mp-1521788,16762,1,mp-1519458,2.8469187777419758,0.40468310027500065,1.6517131473396804,1,0.0060803735820125476,-0.334347911258583,-0.3363932729593465,0.1131604340923014,1.301194591402225,0.987876431012936,0.002045361700763526,0.08696657274785835
mp-4131,31963,1,mp-1103034,4.921319680679809,0.058154116333330785,1.9018483431380602,2,0.037785234127804955,0.2911374267425458,0.30257017652123286,0.09154871172009,1.0526885080951347,0.9258568433975105,0.011432749778687079,0.08696657274785835
mp-1029245,37240,1,mp-1030732,6.499402978194632,0.12341400249999401,2.421015559821043,2,0.17947721076515216,-0.1850172894661023,-0.22548704149653667,0.05084440588286085,0.58464309074561,0.6732578895748795,0.040469752030434375,0.08696657274785835
mp-973894,18004,1,mp-864925,4.791110129393819,0.02522235500000125,1.8314641419208364,1,0.04550014391350412,-0.28062635707869177,-0.29400379040502916,0.08643822877252431,0.9939247465015568,0.9110685561882967,0.013377433326337396,0.08696657274785835
mp-1221165,25583,1,mp-1221166,6.787186589731406,0.040006010614276444,2.420383357454621,2,0.09002993814194077,0.03793820786655022,0.04169251728883726,0.0017382659978799936,0.01998774865970328,0.8280134443640772,0.003754309422287036,0.08696657274785835
mp-1385224,17270,1,mp-1274023,1.5834980188497545,0.19973150900000158,1.083361255908926,0,0.006478857438256921,-0.33935184862960543,-0.34156457717978667,0.11666636038400645,1.3415080840572677,0.9870855385329879,0.002212728550181231,0.08696657274785835
mp-1215526,43309,1,mp-1224780,4.192024107973805,0.0139898175000015,1.6479152652512647,1,0.06034859834190408,-0.39309081638116644,-0.41833729183078194,0.17500608973631282,2.0123374327249492,0.8829429316204518,0.025246475449615502,0.08696657274785835
mp-690516,34163,1,mp-1094065,1.7779798472531094,0.017130035555555256,0.9566989890345757,0,0.009661003074888461,0.13356948553240144,0.13487291096953402,0.01819070211339585,0.20916889718232362,0.9807651927988098,0.001303425437132577,0.08696657274785835
mp-1113981,30572,1,mp-1205883,2.55435929308644,0.0028861285000005843,1.1657666918800418,0,0.016801859672553793,0.16568865614894523,0.16851988060482734,0.02839895015906526,0.3265501820038621,0.9666811844338616,0.002831224455882103,0.08696657274785835
mp-29726,18144,1,mp-1102955,1.51754331032151,0.04247562750000111,0.9071346865306731,0,0.021695876284371557,0.1895281933469436,0.1937312698826824,0.03753180493035673,0.4315658734669522,0.9570798990352477,0.0042030765357388145,0.08696657274785835
mp-1113621,7256,1,mp-1206568,2.6187655555170974,0.27874908839655066,1.4601549569328354,1,0.01377806874089138,0.09521449588571285,0.09654483335162505,0.009320904846893052,0.10717801739660472,0.9726309168140841,0.0013303374659121986,0.08696657274785835
mp-31113,9420,1,mp-555574,3.4600009572132744,0.38568758533333325,1.8090597151696803,1,0.016793601487585196,0.5708371843301379,0.580586880613115,0.3370811259400675,3.87598493638889,0.9666963408443588,0.009749696282977172,0.08696657274785835
mp-1225283,9694,1,mp-945779,2.2058818025672946,0.004497536249999712,1.0671448054080763,0,0.035198219816883,0.07775984710023098,0.08059640686573637,0.006495780799667316,0.07469284570406717,0.9308494248083278,0.0028365597655053837,0.08696657274785835
mp-13009,33361,1,mp-13008,5.111592867571784,0.019079108333332317,1.917502001531642,2,0.040957484044231045,-0.2753936265066066,-0.28715480120287773,0.08245787985386423,0.9481560241879814,0.9197623035526805,0.011761174696271137,0.08696657274785835
mp-237,39850,1,mp-1094027,3.1234520198913986,0.03829118499999851,1.3648610547982045,1,0.08154327323673262,0.29881483924207997,0.3253450804083307,0.10584942134590318,1.2171276618292381,0.843559719230586,0.026530241166250745,0.08696657274785835
mp-1078664,29417,1,mp-30192,4.659443572649369,0.623069712379487,2.3914399779527065,2,0.01818179460208595,0.4055807836072618,0.4130915225226552,0.17064460598008532,1.9621861663427187,0.963967018393055,0.007510738915393389,0.08696657274785835
mp-1863,32684,1,mp-1016197,6.185186380210029,0.17764816916666665,2.384870962946071,2,0.09542838608196551,-0.10735352174464528,-0.1186786698993821,0.014084626689086503,0.1619544871559096,0.8182523318071343,0.011325148154736814,0.08696657274785835
mp-1068786,14917,1,mp-1017553,4.329599132367019,0.0042772987499986904,1.6777737324982507,1,0.03970181954808802,0.17927740622455182,0.18668939850803556,0.03485293151529211,0.4007623896636815,0.922171736644334,0.007411992283483743,0.08696657274785835
mp-22422,5716,1,mp-1226772,7.075022592356018,0.3035263810714315,2.7666945867869543,2,0.10401122155166155,0.19428073173584148,0.21683374323382593,0.04701687220479275,0.5406315405932861,0.8027969738056372,0.022553011497984443,0.08696657274785835
mp-5141,25328,1,mp-755627,2.9723876946818657,0.17132180919770756,1.4544407377812822,1,0.009023454463130472,-0.4499342514513971,-0.4540307635583301,0.20614393425736027,2.370381259648257,0.9820363201974786,0.004096512106933015,0.08696657274785835
mp-1025399,17615,1,mp-1002136,2.380737194089779,0.002857545000004791,1.115798828496454,0,0.06545432510067187,-0.2711931076694043,-0.2901872858752079,0.08420866088361965,0.96828767908062,0.8733745540619954,0.018994178205803625,0.08696657274785835
mp-541656,1017,1,mp-27647,4.382649766574309,0.060138191041663736,1.7488936873458343,1,0.032951452966497555,-0.6420462143908167,-0.6639231196111727,0.4407939087542315,5.0685440948929035,0.935183842668337,0.021876905220356013,0.08696657274785835
mp-862705,922,1,mp-977356,4.583765610816321,0.27062327500000194,2.0172261334353023,2,0.05153395932698301,0.104808948065374,0.1105037626120969,0.012211081551430665,0.1404112081872443,0.8995858023143951,0.005694814546722909,0.08696657274785835
mp-5504,2223,1,mp-15472,3.468894358558301,0.20102752137037427,1.626957678447798,1,0.020141657923468982,0.4923255785314735,0.5024454515415878,0.2524514317748301,2.9028559341617495,0.9601231950727891,0.0101198730101143,0.08696657274785835
mp-1206307,42837,1,mp-1207519,3.2151968357085376,0.025630204999998796,1.3785888240498125,1,0.0273977931173025,0.10679365056736817,0.10980191096048997,0.012056459650575366,0.13863326183418295,0.9459562866749912,0.0030082603931217977,0.08696657274785835
mp-755305,19497,1,mp-754706,1.3938390812715848,0.16465927096264465,0.9937370292659997,0,0.005893754048052134,-0.0663627738099195,-0.06675638210821712,0.004456414552178291,0.05124284436387698,0.988242385483159,0.00039360829829761246,0.08696657274785835
mp-20522,39493,1,mp-1208118,6.614945830751933,0.05966199749999884,2.3904973821146496,2,0.07103114420528439,-0.05799780955245598,-0.06243211475631123,0.0038977689529452147,0.04481916246424925,0.8629926384788035,0.004434305203855252,0.08696657274785835
mp-2018191,17209,1,mp-1223121,0.04640129918500564,0.010373520500002176,0.4518849902133187,0,0.025201236086412192,0.5232706022781413,0.5367979941733282,0.2881520865485085,3.3133660145944357,0.9502347405783378,0.013527391895186924,0.08696657274785835
mp-1217989,35853,1,mp-574,2.578642180395561,0.0011508249999939157,1.171015924984072,0,0.06973393925042064,0.2459786006459663,0.2644180026847445,0.06991688014378956,0.8039511956680085,0.8653914741520718,0.018439402038778224,0.08696657274785835
mp-501,36102,1,mp-571270,16.09126557065116,0.039326085055553905,5.095854722384172,2,0.5737780806790729,-0.012402773555723057,-0.029099508110524717,0.0008467813722744938,0.009736860330572781,0.18166293793326124,0.01669673455480166,0.08696657274785835
mp-1206704,25059,1,mp-7753,8.138247728013788,0.39920188916665555,3.168187717959668,2,0.1119844639397152,-0.06650989088602383,-0.07489606967724903,0.005609421253099342,0.06450088897216523,0.7885957188946484,0.008386178791225204,0.08696657274785835
mp-545850,40911,1,mp-1102997,1.0467924032963876,0.0737606483333324,0.8030166599568047,0,0.01007701406097083,0.021212817376049298,0.021428713612152997,0.00045918976707167114,0.0052800720157502035,0.9799513257868065,0.00021589623610369924,0.08696657274785835
mp-1073,4280,1,mp-1183548,5.45015527994536,0.10147486125000027,2.097279154438833,2,0.07608137032558189,-0.3851650095221224,-0.41688182220612036,0.17379045368589535,1.9983592338376372,0.8536261999079915,0.03171681268399795,0.08696657274785835
mp-3922,434,1,mp-1205392,1.7193250894585461,0.0010509268749991918,0.9237488922543807,0,0.031612433052972906,-0.25264585233996184,-0.2608927126531851,0.0680650075155374,0.7826571217527205,0.9377788827837146,0.008246860313223248,0.08696657274785835
mp-1020622,35676,1,mp-1080575,1.0389834538883675,0.012650148000000083,0.739660055513814,0,0.010171879288516516,0.4767117756648154,0.4816101803658442,0.23194836583202097,2.667097926286085,0.979761664809834,0.004898404701028813,0.08696657274785835
mp-756844,19446,1,mp-754811,1.4658429765755254,0.020247532316810535,0.8700359184784401,0,0.005417824136383961,0.08484588749282063,0.0853080958157393,0.007277471211707356,0.0836812465038364,0.9891931434731805,0.00046220832291866965,0.08696657274785835
mp-29510,13753,1,mp-7462,4.927653717278996,0.06153225137152796,1.9070483500943352,2,0.02746174805683904,-0.09875470897542804,-0.10154280849716428,0.010310941957491779,0.11856212831781045,0.9458391469011684,0.0027880995217362398,0.08696657274785835
mp-972899,32068,1,mp-1185963,3.73714709636772,0.2462919231250007,1.7493801645155398,1,0.03936232565038475,0.2589761157959327,0.26958777101859177,0.07267756628277267,0.8356954170596821,0.9228243594701403,0.010611655222659055,0.08696657274785835
mp-1227840,2648,1,mp-24853,2.136482950399534,0.22838834199233649,1.271074277184093,1,0.00700980010961484,0.0693366290926285,0.06982622604227014,0.004875701843306204,0.05606409094034666,0.9860258663127633,0.000489596949641638,0.08696657274785835
mp-21900,5411,1,mp-1105703,5.110130318982968,0.06854400049999909,1.966546217852651,2,0.052902505631094734,0.45612984402656587,0.4816086847943755,0.23194692526936816,2.6670813617302187,0.8969915611947791,0.025478840767809652,0.08696657274785835
mp-1205752,31129,1,mp-1113830,2.7271244642579253,0.5877484349583333,1.8003217983167654,1,0.01651592222970013,0.4802200875943434,0.48828469673014724,0.23842194506085185,2.7415354834334695,0.9672403791113293,0.008064609135803813,0.08696657274785835
mp-19834,6114,1,mp-20665,4.225429490949583,0.11770299555556224,1.7612369020208167,1,0.0346144772013683,0.011780860596148746,0.012202798564336356,0.00014890829280176943,0.0017122474543581053,0.932041283762814,0.00042193796818761065,0.08696657274785835
mp-761819,19861,1,mp-777889,1.2413906965513906,0.16343562066666717,0.9486643378840156,0,0.0033887982787845737,-0.39341452421052914,-0.3947518843814796,0.15582905022272905,1.7918269663738877,0.9932357775304063,0.0013373601709504856,0.08696657274785835
mp-753234,21082,1,mp-755164,2.286177593485402,0.07862520613218349,1.1643681180644605,0,0.013456805708365108,0.34284863638032914,0.34752544391196644,0.12077393416620932,1.3887397232080014,0.9732661958836684,0.004676807531637295,0.08696657274785835
mp-862937,29086,1,mp-983444,3.766248920660101,0.0748473745833329,1.5863062332907854,1,0.04562179275798131,0.2019721188104367,0.21162700528831205,0.04478598936729926,0.5149793530112656,0.9108370129378498,0.009654886477875352,0.08696657274785835
mp-22283,9720,1,mp-1225428,2.1759823826612745,0.2117137475000015,1.2657609852814704,0,0.011355499930153931,0.19028168738276285,0.19246726120429472,0.037043646635482215,0.4259527018833159,0.9774178257750289,0.0021855738215318665,0.08696657274785835
mp-1095168,29777,1,mp-1220000,2.2946343061656647,0.09182416791666725,1.1799995014351095,0,0.03823940276467032,-0.02931411119954941,-0.030479777278259484,0.0009290168229323031,0.010682458714635057,0.924974762789808,0.0011656660787100759,0.08696657274785835
mp-22810,5533,1,mp-1205969,2.687525172342087,0.015997158722219885,1.2171804966541357,0,0.04114777627764776,-0.251796999279714,-0.2626026202992104,0.06896013618801126,0.7929499117775627,0.9193968044583227,0.010805621019496392,0.08696657274785835
mp-542812,12299,1,mp-1226893,4.637076425924274,0.03963149029761953,1.8015682476541033,1,0.04811628230852393,0.2047462001613559,0.2150953090620441,0.046265991980496274,0.5319974160029852,0.9060868401608265,0.010349108900688214,0.08696657274785835
mp-20699,42196,1,mp-19192,1.8884245762218035,0.18144245329310182,1.1527788503378238,0,0.009315314761403919,0.15822327449773654,0.1597108478405571,0.025507554917949586,0.2933029796621224,0.9814584217623036,0.0014875733428205695,0.08696657274785835
mp-1188878,6661,1,mp-1188182,1.2710126781333688,0.029367395294117138,0.8231163437347816,0,0.02162493065324264,0.27193952392916787,0.27794974420655216,0.07725606030448778,0.8883420130683521,0.9572207589069445,0.006010220277384293,0.08696657274785835
mp-1187335,36792,1,mp-977396,5.791260581208397,0.16761034166666455,2.26152745118471,2,0.04919784814012466,-0.22218694227053204,-0.23368366101483395,0.05460805342529583,0.6279200352487228,0.9040248501635966,0.011496718744301915,0.08696657274785835
mp-981,35179,1,mp-2050241,3.3093354532878165,1.0560521058333325,2.4360880082377063,2,0.04047317577553475,0.708378256705021,0.7382578414006258,0.5450246403895115,6.267058976437971,0.9206918685618041,0.02987958469560481,0.08696657274785835
mp-1207421,43732,1,mp-1014226,5.803222033943233,0.8010534992500027,2.898411105913235,2,0.08232252426586173,0.04467576370425025,0.048684307558326624,0.0023701618024337388,0.02725371056423638,0.8421044759511952,0.004008543854076375,0.08696657274785835
mp-10477,31159,1,mp-568971,4.396372849406093,0.3623394584722218,2.05504215319389,2,0.03164568770225377,0.3006308996155065,0.310455450702542,0.09638258687091848,1.1082716476635215,0.9377102310469193,0.009824551087035505,0.08696657274785835
mp-1218399,34837,1,mp-1218516,1.357164910613407,0.053984716995075566,0.8725138084894168,0,0.007070438746513186,0.050496495748904024,0.05085616271217927,0.002586349285807653,0.029739579289921422,0.9859055375510939,0.00035966696327524583,0.08696657274785835
mp-1177678,19326,1,mp-1306409,0.4735463924773374,0.025774044000000274,0.5901461316190997,0,0.0038032226993864305,0.3783930213133466,0.3798372690283472,0.144276350942913,1.6589862792594177,0.9924098969989649,0.0014442477150005684,0.08696657274785835
mp-557133,7444,1,mp-1113226,2.3557036479760565,0.3824340785583349,1.488174911921555,1,0.012577936030549922,0.18221930358621607,0.1845405668993717,0.034055220831541486,0.3915897770316599,0.975001006855683,0.0023212633131556304,0.08696657274785835
mp-1077942,30885,1,mp-7447,4.060062738203293,0.18427551168601197,1.7802446404152448,1,0.03385886639699391,-0.20146024255162964,-0.2085200706808932,0.0434806198767647,0.49996933882662936,0.9334326291573878,0.007059828129263562,0.08696657274785835
mp-1518659,16109,1,mp-1516766,2.969786143509987,0.08355191649999938,1.3659225555924626,1,0.0101734782630904,-0.4023144782511747,-0.40644941156130354,0.16520112415852992,1.8995933602844914,0.9797568886710126,0.004134933310128819,0.08696657274785835
mp-984721,3221,1,mp-862706,4.170958798108906,0.022054756874999804,1.6499211464115708,1,0.05869288807180375,0.0737282793337139,0.07832590704529648,0.006134947714468424,0.07054374480474745,0.886048166423721,0.0045976277115825775,0.08696657274785835
mp-1206472,15681,1,mp-23036,3.5390008558923216,0.15841899696180506,1.60451402943386,1,0.06676109498442181,-0.1165324990626524,-0.12486937158892068,0.015592359961011952,0.17929141586640174,0.8709280296082739,0.008336872526268288,0.08696657274785835
mp-5178,40551,1,mp-1104259,0.5694042987584016,0.004005930714285455,0.5959498242180566,0,0.014359991960737468,-0.06354841233625663,-0.0644745676968302,0.00415696987969314,0.04779962861989994,0.9714770198808853,0.000926155360573569,0.08696657274785835
mp-624190,12955,1,mp-664137,5.0777728735944345,0.08733000466666663,1.9760251837395484,2,0.03752850726775134,0.07707664031546724,0.08008238138764107,0.0064131878087156004,0.073743136081829,0.9263425085175704,0.0030057410721738287,0.08696657274785835
mp-1275975,21637,1,mp-1276591,1.765946873424073,0.0319152112500003,0.9680230958250459,0,0.013939715087637913,0.016366794632982185,0.016598095482707537,0.00027549677365307636,0.003167846736375624,0.9723234250849573,0.00023130084972535284,0.08696657274785835
mp-867959,19575,1,mp-763577,1.7594981403970191,0.014612504944444993,0.9488655272329863,0,0.006527941983392195,-0.033757701992608524,-0.033979798840864966,0.001154626729265648,0.013276672781083949,0.9869704337665465,0.00022209684825644227,0.08696657274785835
mp-28416,5714,1,mp-1189084,5.821527287602604,0.003815885750004022,2.1064386700093958,2,0.09909650234819603,0.20987918418819163,0.23296611355628896,0.05427321006552172,0.6240697816490447,0.8116209065637,0.023086929368097336,0.08696657274785835
mp-971804,43371,1,mp-971758,0.3824807467167141,0.002585214999999863,0.5407639044416744,0,0.024478567679447484,-0.10622688232520228,-0.10889249759863626,0.011857576033269002,0.13634636456983995,0.95164057956468,0.00266561527343398,0.08696657274785835
mp-1218855,34101,1,mp-1227665,5.475647924820065,0.03749891833333202,2.040635713172173,2,0.07115534447768296,0.4777967961170856,0.514400282566195,0.26460765070418124,3.0426362951125667,0.8627482152243925,0.03660348644910938,0.08696657274785835
mp-1078746,34252,1,mp-24292,2.4686345951055615,0.07285000222223048,1.2110733951721075,0,0.0412485389636274,-0.20492922714378659,-0.2137461051969473,0.04568739748686446,0.5253443483316935,0.9192028972502516,0.008816878053160726,0.08696657274785835
mp-28748,41677,1,mp-28747,5.060972016275114,0.15528615428571357,2.039148868362478,2,0.08169525684663112,0.00947060521058285,0.010313019842053637,0.00010635837826259201,0.0012229799899204515,0.8433032218042507,0.0008424146314707868,0.08696657274785835
mp-1208317,36823,1,mp-1103538,3.738313413114097,0.05299542520833278,1.5564191366730546,1,0.05170890877891829,-0.17101401625708923,-0.18033918207866814,0.03252222059280302,0.3739623117849486,0.8992557464803589,0.009325165821578912,0.08696657274785835
mp-1208261,38259,1,mp-1208246,2.725897113010202,0.00043521671695678776,1.2126555545225952,0,0.04607772952476838,-0.18166214014708293,-0.19043748656321055,0.036266436288513,0.41701581587744124,0.9099634962829571,0.008775346416127622,0.08696657274785835
mp-1247131,22876,1,mp-1246492,1.6786572678118399,0.244238792738096,1.1552393892963004,0,0.013761705525415604,0.12594904945121987,0.1277067771263969,0.01630902092401121,0.1875320644323406,0.9726618864233011,0.0017577276751770121,0.08696657274785835
mp-754472,14380,1,mp-760432,5.73739952732441,1.9030146729999984,3.9814396172909126,2,0.04787741913731416,0.9062206529065855,0.9517898694564441,0.9059039555999149,10.41669145944611,0.9065374609282866,0.04556921654985857,0.08696657274785835
mp-542615,3351,1,mp-541837,5.0187059859374274,0.09477831240179008,1.9664839616187244,2,0.10921607685254711,-0.09885021556572166,-0.11097022303337421,0.012314390400076817,0.14159912263968194,0.7934915817943117,0.012120007467652558,0.08696657274785835
mp-1102298,11229,1,mp-1103637,3.317676186491919,0.15327941291668057,1.5357143774929847,1,0.04856477479817298,0.07716869469553334,0.08110837558424583,0.006578568589915085,0.07564479525930369,0.9052132480827871,0.0039396808887124934,0.08696657274785835
mp-1217546,36970,1,mp-1216216,4.328482073183092,0.00549214833333328,1.6786672800609608,1,0.03337980789438502,0.3609666240528429,0.3734320062729145,0.13945146330901406,1.6035064841904811,0.9343530758897681,0.012465382220071597,0.08696657274785835
mp-1222892,18020,1,mp-1222987,2.289963597880283,0.06420372750000011,1.1510356156294839,0,0.041504773028379946,0.00490034400797465,0.0051126707180727884,2.6139401871438923e-05,0.00030056837984434237,0.918665680056403,0.0002123267100981388,0.08696657274785835
mp-5159,20668,1,mp-20363,4.5353020731063936,0.08517614791666439,1.8178393397551935,1,0.022377467359344306,0.11601430899818099,0.11866984069861354,0.014082531091434316,0.16193039056815212,0.9557457963300388,0.002655531700432548,0.08696657274785835
